step,epoch,total_loss,ce_loss,phase_loss,kd_loss,lr,throughput
10,0,12.4916,12.5052,,6.4913,6.00e-06,0.39_samples/s
20,0,12.0738,12.0996,,6.6676,1.20e-05,0.37_samples/s
30,0,12.1067,12.1477,,6.4896,1.80e-05,0.36_samples/s
40,0,11.1258,11.1185,,11.8684,2.40e-05,0.35_samples/s
50,0,11.3730,11.4552,,4.7392,3.00e-05,0.34_samples/s
60,0,10.8486,10.9134,,6.5203,3.60e-05,0.35_samples/s
70,0,11.3273,11.4067,,6.8022,4.20e-05,0.35_samples/s
80,0,10.6690,10.7812,,5.0974,4.80e-05,0.37_samples/s
90,0,10.3661,10.4626,,6.1248,5.40e-05,0.38_samples/s
100,0,10.0548,10.1503,,6.2890,6.00e-05,0.38_samples/s
110,0,10.3317,10.4825,,4.9468,6.60e-05,0.38_samples/s
120,0,10.6303,10.8884,,2.2127,7.20e-05,0.38_samples/s
130,0,9.5989,9.6621,,7.7016,7.80e-05,0.38_samples/s
140,0,10.1002,10.3258,,3.8338,8.40e-05,0.38_samples/s
150,0,10.0416,10.2725,,4.0747,9.00e-05,0.38_samples/s
160,0,10.0876,10.3474,,3.8128,9.60e-05,0.38_samples/s
170,0,11.7394,11.9950,,5.9447,1.02e-04,0.38_samples/s
180,0,10.3919,10.7546,,2.6505,1.08e-04,0.38_samples/s
190,0,10.0737,10.4167,,3.1562,1.14e-04,0.38_samples/s
200,0,9.9158,10.3093,,2.3981,1.20e-04,0.38_samples/s
210,0,9.5903,9.9668,,2.7613,1.26e-04,9.45
220,0,8.9508,9.1036,,6.3134,1.32e-04,4.53
230,0,9.7249,10.1177,,3.2564,1.38e-04,3.02
240,0,8.7583,8.9716,,5.4019,1.44e-04,2.27
250,0,9.4865,9.9392,,2.6678,1.50e-04,1.85
260,0,9.4127,9.7925,,3.9267,1.56e-04,1.62
270,0,8.4140,8.7085,,4.3287,1.62e-04,1.47
280,0,9.7313,9.9651,,6.6132,1.68e-04,1.34
290,0,8.5286,8.6296,,7.2320,1.74e-04,1.21
300,0,8.2249,8.3900,,6.1820,1.80e-04,1.12
310,0,9.2700,9.5881,,5.4698,1.86e-04,1.06
320,0,9.4352,9.7849,,5.4002,1.92e-04,1.01
330,0,9.3122,9.5155,,7.0436,1.98e-04,0.97
340,0,8.2638,8.6507,,4.0862,2.04e-04,0.92
350,0,8.5925,8.6110,,8.3988,2.10e-04,0.88
360,0,7.4657,7.7232,,4.8547,2.16e-04,0.84
370,0,8.2413,8.6687,,4.0356,2.22e-04,0.81
380,0,7.2219,7.4873,,4.6862,2.28e-04,0.78
390,0,8.1272,8.4529,,5.1041,2.34e-04,0.75
400,0,8.2423,8.5104,,5.8229,2.40e-04,0.73
410,0,8.5723,8.8450,,6.1777,2.46e-04,0.71
420,0,7.1691,7.2055,,6.8580,2.52e-04,0.69
430,0,7.3160,7.5046,,5.7463,2.58e-04,0.68
440,0,7.9870,8.5811,,3.1679,2.64e-04,0.66
450,0,7.7446,8.0572,,5.2723,2.70e-04,0.65
460,0,7.6937,7.9772,,5.5067,2.76e-04,0.64
470,0,7.7958,8.0858,,5.6117,2.82e-04,0.62
480,0,7.6470,7.7326,,7.0174,2.88e-04,0.61
490,0,8.7614,8.5491,,10.2864,2.94e-04,0.60
500,0,7.8205,7.7621,,8.2306,3.00e-04,0.59
510,0,6.9601,7.3661,,4.1749,3.00e-04,0.58
520,0,9.5218,9.8980,,6.9983,3.00e-04,0.58
530,0,7.1391,7.3853,,5.5233,3.00e-04,0.57
540,0,8.1593,8.4509,,6.2870,3.00e-04,0.57
550,0,7.9877,8.5180,,4.6539,3.00e-04,0.56
560,0,7.3482,7.6573,,5.4458,3.00e-04,0.56
570,0,7.3466,7.7175,,5.1098,3.00e-04,0.55
580,0,6.6660,6.6171,,6.9554,3.00e-04,0.55
590,0,7.4018,7.8999,,4.5172,3.00e-04,0.55
600,0,8.3287,8.6155,,6.7000,3.00e-04,0.55
610,0,7.1144,7.4248,,5.3863,3.00e-04,0.54
620,0,7.0665,7.5413,,4.4730,3.00e-04,0.54
630,0,7.5689,7.3396,,8.7976,3.00e-04,0.54
640,0,6.5381,6.9499,,4.3719,3.00e-04,0.54
650,0,7.5911,6.8469,,11.4339,3.00e-04,0.54
660,0,7.5222,8.0126,,5.0355,3.00e-04,0.53
670,0,6.8432,7.1389,,5.3707,3.00e-04,0.53
680,0,8.2737,8.3087,,8.1022,3.00e-04,0.53
690,0,8.1413,8.6656,,5.6218,3.00e-04,0.53
700,0,8.0289,8.1346,,7.5300,3.00e-04,0.53
710,0,6.8908,7.0848,,5.9906,3.00e-04,0.53
720,0,7.1454,7.9521,,3.4643,3.00e-04,0.52
730,0,7.8431,8.3383,,5.6211,3.00e-04,0.52
740,0,6.1897,6.6843,,4.0071,3.00e-04,0.52
750,0,6.4587,6.8458,,4.7784,3.00e-04,0.52
760,0,6.2125,6.6440,,4.3703,3.00e-04,0.52
770,0,6.7827,7.2104,,4.9856,3.00e-04,0.52
780,0,6.4601,7.0194,,4.1476,3.00e-04,0.52
790,0,6.6031,7.2136,,4.1187,3.00e-04,0.52
800,0,7.2072,8.0132,,3.9783,3.00e-04,0.52
810,0,6.0359,6.6654,,3.5528,3.00e-04,0.52
820,0,7.0112,7.6578,,4.4998,3.00e-04,0.52
830,0,6.9282,6.8798,,7.1132,3.00e-04,0.52
840,0,7.3293,8.0930,,4.4517,3.00e-04,0.51
850,0,6.5236,6.6838,,5.9292,3.00e-04,0.51
860,0,6.5694,6.7240,,6.0041,3.00e-04,0.51
870,0,6.7694,7.0227,,5.8570,3.00e-04,0.51
880,0,7.3723,7.2940,,7.6501,3.00e-04,0.51
890,0,5.9959,6.3432,,4.7804,3.00e-04,0.50
900,0,6.4472,7.2428,,3.7029,3.00e-04,0.50
910,0,6.9861,6.8601,,7.4145,3.00e-04,0.50
920,0,6.8399,7.4075,,4.9370,3.00e-04,0.50
930,0,7.4865,8.1220,,5.3856,3.00e-04,0.50
940,0,7.1893,8.2209,,3.8263,3.00e-04,0.49
950,0,7.7499,8.3948,,5.6766,3.00e-04,0.49
960,0,6.9199,7.4034,,5.3866,3.00e-04,0.49
970,0,7.2563,8.2067,,4.2833,3.00e-04,0.49
980,0,6.0489,6.7061,,4.0207,3.00e-04,0.49
990,0,5.9845,6.5347,,4.3094,3.00e-04,0.49
1000,0,7.7802,8.4310,,5.8250,3.00e-04,0.49
1010,0,6.7867,7.8192,,3.7260,3.00e-04,0.49
1020,0,6.6082,7.5849,,3.7510,3.00e-04,0.48
1030,0,6.6443,7.3684,,4.5535,3.00e-04,0.48
1040,0,7.2473,8.1676,,4.6248,3.00e-04,0.48
1050,0,6.8128,7.1083,,5.9816,3.00e-04,0.48
1060,0,6.5248,7.6025,,3.5318,3.00e-04,0.48
1070,0,6.1027,6.8919,,3.9388,3.00e-04,0.47
1080,0,6.5628,7.0562,,5.2272,3.00e-04,0.47
1090,0,5.7994,6.3448,,4.3415,3.00e-04,0.46
1100,0,6.8018,7.5132,,4.9238,3.00e-04,0.46
1110,0,7.0906,8.2022,,4.1926,3.00e-04,0.46
1120,0,7.5695,7.8526,,6.8407,3.00e-04,0.46
1130,0,6.7232,8.0937,,3.2383,3.00e-04,0.46
1140,0,5.6664,6.4686,,3.6516,3.00e-04,0.46
1150,0,6.3533,7.4068,,3.7394,3.00e-04,0.46
1160,0,6.0448,7.2709,,3.0391,3.00e-04,0.46
1170,0,7.7648,6.6893,,10.3695,3.00e-04,0.46
1180,0,6.7391,8.1284,,3.4148,3.00e-04,0.46
1190,0,7.4835,7.9231,,6.4443,3.00e-04,0.46
1200,0,6.8035,7.6688,,4.7820,3.00e-04,0.46
1210,0,6.5715,7.4391,,4.5688,3.00e-04,0.46
1220,0,6.6711,8.1295,,3.3440,3.00e-04,0.46
1230,0,5.9927,7.2569,,3.1423,3.00e-04,0.46
1240,0,6.2924,7.6176,,3.3392,3.00e-04,0.46
1250,0,7.1278,8.3422,,4.4531,3.00e-04,0.46
1260,0,6.7430,8.2864,,3.3827,3.00e-04,0.46
1270,0,7.0995,8.0658,,5.0199,3.00e-04,0.46
1280,0,7.1502,8.0179,,5.3041,3.00e-04,0.46
1290,0,6.9984,8.3100,,4.2397,3.00e-04,0.46
1300,0,6.4304,7.6607,,3.8724,3.00e-04,0.46
1310,0,6.2369,7.6190,,3.3958,3.00e-04,0.46
1320,0,7.3670,7.8752,,6.3342,3.00e-04,0.46
1330,0,7.0481,8.3003,,4.5316,3.00e-04,0.46
1340,0,7.1511,8.7186,,4.0358,3.00e-04,0.46
1350,0,7.8192,7.0778,,9.2763,3.00e-04,0.46
1360,0,7.4353,6.8873,,8.5004,3.00e-04,0.46
1370,0,6.5372,8.0207,,3.6861,3.00e-04,0.46
1380,0,5.4952,5.5221,,5.4440,3.00e-04,0.46
1390,0,6.7554,7.1029,,6.1023,3.00e-04,0.46
1400,0,7.0141,8.1036,,4.9885,3.00e-04,0.46
1410,0,6.3666,7.8920,,3.5614,3.00e-04,0.45
1420,0,5.8775,7.2807,,3.3252,3.00e-04,0.45
1430,0,7.0771,8.2770,,4.9184,3.00e-04,0.45
1440,0,6.6208,8.0316,,4.1102,3.00e-04,0.45
1450,0,5.1142,6.0862,,3.4030,3.00e-04,0.45
1460,0,7.9283,7.4538,,8.7547,3.00e-04,0.45
1470,0,6.6653,7.6185,,5.0231,3.00e-04,0.45
1480,0,5.6825,7.2059,,3.0858,3.00e-04,0.46
1490,0,4.7546,4.9797,,4.3749,3.00e-04,0.46
1500,0,7.8927,8.5071,,6.8675,3.00e-04,0.46
1510,0,6.3986,7.5822,,4.4448,3.00e-04,0.46
1520,0,6.0865,6.9659,,4.6501,3.00e-04,0.46
1530,0,6.8286,8.1738,,4.6547,3.00e-04,0.45
1540,0,6.2705,7.8691,,3.7141,3.00e-04,0.45
1550,0,5.9538,6.1482,,5.6461,3.00e-04,0.46
1560,0,6.1678,7.8233,,3.5756,3.00e-04,0.46
1570,0,6.8334,7.0999,,6.4204,3.00e-04,0.46
1580,0,6.1036,8.1933,,2.8994,3.00e-04,0.46
1590,0,4.9854,5.9245,,3.5604,3.00e-04,0.46
1600,0,5.6253,7.5014,,2.8083,3.00e-04,0.46
1610,0,6.3772,8.0483,,3.8939,3.00e-04,0.46
1620,0,5.8750,7.3968,,3.6369,3.00e-04,0.46
1630,0,4.8787,5.0088,,4.6893,3.00e-04,0.46
1640,0,7.0441,7.8499,,5.8834,3.00e-04,0.46
1650,0,6.5608,7.7714,,4.8347,3.00e-04,0.46
1660,0,4.7680,5.3408,,3.9597,3.00e-04,0.46
1670,0,7.8948,7.0699,,9.0468,3.00e-04,0.46
1680,0,5.8227,7.9229,,2.9195,3.00e-04,0.46
1690,0,6.3472,7.1702,,5.2211,3.00e-04,0.46
1700,0,5.5906,6.6132,,4.2056,3.00e-04,0.46
1710,0,4.8330,6.3378,,2.8156,3.00e-04,0.46
1720,0,6.6594,6.5501,,6.8045,3.00e-04,0.46
1730,0,5.1173,6.0987,,3.8282,3.00e-04,0.46
1740,0,7.1505,7.6538,,6.4961,3.00e-04,0.46
1750,0,5.9619,7.8564,,3.5237,3.00e-04,0.46
1760,0,5.6755,6.1852,,5.0261,3.00e-04,0.46
1770,0,6.7043,7.0456,,6.2739,3.00e-04,0.46
1780,0,6.2784,7.5257,,4.7212,3.00e-04,0.46
1790,0,7.6295,7.7140,,7.5250,2.99e-04,0.46
1800,0,6.3825,7.7283,,4.7360,2.99e-04,0.46
1810,0,6.5861,7.5271,,5.4464,2.99e-04,0.46
1820,0,5.2891,6.4719,,3.8709,2.99e-04,0.46
1830,0,6.1892,6.4785,,5.8459,2.99e-04,0.46
1840,0,4.8844,6.5469,,2.9309,2.99e-04,0.46
1850,0,5.5316,7.0024,,3.8206,2.99e-04,0.46
1860,0,6.7363,7.5149,,5.8396,2.99e-04,0.46
1870,0,6.8107,7.9675,,5.4918,2.99e-04,0.46
1880,0,7.2325,6.9489,,7.5526,2.99e-04,0.46
1890,0,6.5652,6.6315,,6.4910,2.99e-04,0.46
1900,0,6.7605,6.7302,,6.7941,2.99e-04,0.46
1910,0,6.2826,7.2788,,5.1914,2.99e-04,0.46
1920,0,6.5453,7.3917,,5.6275,2.99e-04,0.46
1930,0,6.7339,7.4160,,6.0015,2.99e-04,0.46
1940,0,6.5401,7.9875,,5.0016,2.99e-04,0.46
1950,0,7.4190,10.5642,,4.1092,2.99e-04,0.46
1960,0,5.3882,7.1380,,3.5652,2.99e-04,0.46
1970,0,4.2222,5.4480,,2.9579,2.99e-04,0.46
1980,0,5.9127,7.3579,,4.4368,2.99e-04,0.46
1990,0,6.3726,7.1388,,5.5980,2.99e-04,0.46
2000,0,7.4813,5.7502,,9.2142,2.99e-04,0.46
2010,0,8.1776,7.4014,,8.9537,2.99e-04,66.23
2020,0,6.3421,6.7975,,5.8867,2.99e-04,33.76
2030,0,6.2260,7.9779,,4.4741,2.99e-04,25.09
2040,0,7.2443,6.4649,,8.0237,2.99e-04,20.48
2050,0,5.9958,7.6813,,4.3103,2.99e-04,16.72
2060,0,6.6421,7.4078,,5.8764,2.99e-04,13.77
2070,0,4.5325,5.9068,,3.1581,2.99e-04,11.89
2080,0,5.6542,6.3722,,4.9362,2.99e-04,10.64
2090,0,5.5504,7.8908,,3.2100,2.99e-04,9.23
2100,0,4.2771,6.4505,,2.1036,2.99e-04,8.11
2110,0,6.3713,7.9993,,4.7432,2.99e-04,7.20
2120,0,4.5281,5.0715,,3.9848,2.99e-04,6.57
2130,0,5.7247,6.6447,,4.8046,2.99e-04,6.00
2140,0,5.5229,7.8807,,3.1651,2.99e-04,5.49
2150,0,5.7313,6.4741,,4.9886,2.99e-04,5.19
2160,0,4.8495,6.0023,,3.6968,2.99e-04,4.98
2170,0,6.8878,7.6115,,6.1641,2.99e-04,4.79
2180,0,6.5745,7.7944,,5.3546,2.99e-04,4.61
2190,0,3.2352,4.0076,,2.4629,2.99e-04,4.45
2200,0,5.9500,7.8734,,4.0267,2.99e-04,4.31
2210,0,5.0642,7.7188,,2.4096,2.99e-04,4.17
2220,0,3.2378,4.6217,,1.8538,2.99e-04,4.04
2230,0,5.9444,8.2911,,3.5977,2.99e-04,3.91
2240,0,6.3939,8.0965,,4.6913,2.99e-04,3.81
2250,0,5.9597,7.1836,,4.7358,2.99e-04,3.69
2260,0,6.1825,8.0299,,4.3350,2.99e-04,3.56
2270,0,8.7724,7.1712,,10.3736,2.99e-04,3.46
2280,0,6.4136,7.6609,,5.1664,2.99e-04,3.37
2290,0,6.8270,8.8397,,4.8143,2.99e-04,3.29
2300,0,5.4165,7.3512,,3.4818,2.99e-04,3.21
2310,0,5.7254,6.5190,,4.9318,2.99e-04,3.11
2320,0,6.8837,8.8559,,4.9114,2.99e-04,3.02
2330,0,5.6541,7.7606,,3.5476,2.99e-04,2.95
2340,0,5.2034,5.7904,,4.6165,2.99e-04,2.88
2350,0,5.6623,8.2801,,3.0444,2.99e-04,2.82
2360,0,5.6639,7.1724,,4.1554,2.99e-04,2.76
2370,0,5.0290,7.5452,,2.5127,2.99e-04,2.69
2380,0,6.5411,7.6579,,5.4242,2.99e-04,2.63
2390,0,5.9347,6.8923,,4.9771,2.99e-04,2.57
2400,0,5.9442,7.8370,,4.0514,2.99e-04,2.51
2410,0,4.0813,5.4223,,2.7404,2.99e-04,2.45
2420,0,6.5355,8.2196,,4.8514,2.99e-04,2.41
2430,0,6.3568,7.4210,,5.2927,2.99e-04,2.36
2440,0,7.2455,8.5677,,5.9233,2.99e-04,2.33
2450,0,5.0807,7.3310,,2.8303,2.99e-04,2.29
2460,0,6.1776,6.2737,,6.0815,2.99e-04,2.25
2470,0,5.8486,7.4444,,4.2528,2.99e-04,2.22
2480,0,5.3317,5.8321,,4.8312,2.99e-04,2.19
2490,0,6.6402,6.6527,,6.6277,2.99e-04,2.16
2500,0,8.1557,8.5390,,7.7724,2.99e-04,2.13
2510,0,4.9731,6.3291,,3.6172,2.99e-04,2.10
2520,0,6.5235,6.4846,,6.5624,2.99e-04,2.08
2530,0,7.4024,8.3248,,6.4799,2.99e-04,2.04
2540,0,5.8257,7.7746,,3.8768,2.99e-04,2.02
2550,0,5.2225,7.9380,,2.5070,2.99e-04,2.00
2560,0,6.1338,6.3180,,5.9497,2.99e-04,1.97
2570,0,6.1735,6.7739,,5.5730,2.99e-04,1.95
2580,0,7.5126,6.1614,,8.8638,2.99e-04,1.93
2590,0,5.9371,6.9875,,4.8868,2.99e-04,1.91
2600,0,7.2547,6.0371,,8.4723,2.99e-04,1.89
2610,0,7.3611,8.2666,,6.4556,2.99e-04,1.87
2620,0,6.7757,7.5518,,5.9996,2.99e-04,1.85
2630,0,5.3026,7.7521,,2.8530,2.99e-04,1.84
2640,0,5.0018,6.6384,,3.3653,2.99e-04,1.82
2650,0,8.4377,8.9146,,7.9607,2.99e-04,1.80
2660,0,5.5497,7.7722,,3.3273,2.99e-04,1.78
2670,0,5.7810,6.3406,,5.2213,2.99e-04,1.76
2680,0,6.1391,7.2330,,5.0453,2.99e-04,1.74
2690,0,5.8080,7.5310,,4.0850,2.99e-04,1.72
2700,0,6.0405,7.4518,,4.6292,2.99e-04,1.70
2710,0,6.5382,8.2269,,4.8495,2.99e-04,1.69
2720,0,6.1455,7.6560,,4.6351,2.99e-04,1.67
2730,0,6.6168,5.6506,,7.5830,2.99e-04,1.66
2740,0,6.5288,7.6682,,5.3894,2.98e-04,1.65
2750,0,6.2360,7.5702,,4.9019,2.98e-04,1.63
2760,0,6.1864,6.0202,,6.3525,2.98e-04,1.62
2770,0,3.1293,3.8632,,2.3953,2.98e-04,1.61
2780,0,4.4538,5.6448,,3.2628,2.98e-04,1.60
2790,0,5.4154,7.4285,,3.4024,2.98e-04,1.58
2800,0,5.0139,7.3279,,2.6998,2.98e-04,1.57
2810,0,6.2802,5.0584,,7.5021,2.98e-04,1.55
2820,0,6.8924,7.1924,,6.5924,2.98e-04,1.54
2830,0,3.8845,5.5167,,2.2523,2.98e-04,1.53
2840,0,5.9541,6.4805,,5.4276,2.98e-04,1.52
2850,0,6.0933,6.7041,,5.4824,2.98e-04,1.51
2860,0,6.8969,6.1120,,7.6819,2.98e-04,1.50
2870,0,5.9653,8.3153,,3.6153,2.98e-04,1.49
2880,0,5.7902,7.5783,,4.0021,2.98e-04,1.48
2890,0,7.8044,8.9861,,6.6227,2.98e-04,1.46
2900,0,5.2139,7.3787,,3.0491,2.98e-04,1.45
2910,0,5.7226,5.5383,,5.9069,2.98e-04,1.44
2920,0,3.6045,5.0220,,2.1869,2.98e-04,1.43
2930,0,5.3555,7.8053,,2.9057,2.98e-04,1.42
2940,0,5.6172,7.7651,,3.4692,2.98e-04,1.41
2950,0,2.9710,4.1253,,1.8168,2.98e-04,1.40
2960,0,5.8985,6.7418,,5.0552,2.98e-04,1.39
2970,0,6.7502,6.9949,,6.5055,2.98e-04,1.38
2980,0,4.4186,6.0819,,2.7554,2.98e-04,1.38
2990,0,6.3693,8.3445,,4.3941,2.98e-04,1.37
3000,0,5.9189,7.1219,,4.7159,2.98e-04,1.36
3010,0,5.1852,7.5779,,2.7924,2.98e-04,1.35
3020,0,4.5545,4.5363,,4.5727,2.98e-04,1.34
3030,0,5.7837,6.9065,,4.6610,2.98e-04,1.33
3040,0,5.2965,7.5329,,3.0601,2.98e-04,1.32
3050,0,4.7999,7.2392,,2.3606,2.98e-04,1.31
3060,0,5.2369,7.0518,,3.4221,2.98e-04,1.31
3070,0,5.4456,6.4498,,4.4414,2.98e-04,1.30
3080,0,5.0073,6.1016,,3.9129,2.98e-04,1.29
3090,0,6.0785,6.9934,,5.1635,2.98e-04,1.29
3100,0,5.3026,7.3734,,3.2317,2.98e-04,1.28
3110,0,3.6138,4.9478,,2.2798,2.98e-04,1.27
3120,0,6.9215,6.7801,,7.0630,2.98e-04,1.27
3130,0,7.2135,7.1900,,7.2369,2.98e-04,1.26
3140,0,3.9925,5.3200,,2.6651,2.98e-04,1.25
3150,0,5.9621,6.3734,,5.5507,2.98e-04,1.25
3160,0,5.7378,6.5491,,4.9264,2.98e-04,1.24
3170,0,4.6644,6.1357,,3.1932,2.98e-04,1.23
3180,0,5.9406,6.6926,,5.1885,2.98e-04,1.23
3190,0,9.1497,6.2809,,12.0186,2.98e-04,1.22
3200,0,5.0121,4.8183,,5.2059,2.98e-04,1.21
3210,0,5.5643,7.6158,,3.5128,2.98e-04,1.21
3220,0,5.8385,6.6400,,5.0370,2.98e-04,1.20
3230,0,6.4865,8.3563,,4.6166,2.98e-04,1.19
3240,0,6.1058,7.6778,,4.5338,2.98e-04,1.18
3250,0,6.4836,6.6070,,6.3601,2.98e-04,1.17
3260,0,5.7789,6.8591,,4.6986,2.98e-04,1.17
3270,0,5.4573,7.9905,,2.9240,2.98e-04,1.16
3280,0,6.4657,7.5932,,5.3383,2.98e-04,1.16
3290,0,5.8088,6.6620,,4.9555,2.98e-04,1.15
3300,0,3.2786,4.3410,,2.2163,2.98e-04,1.15
3310,0,5.6607,6.0395,,5.2818,2.98e-04,1.14
3320,0,5.0516,5.7172,,4.3861,2.98e-04,1.14
3330,0,5.5833,7.7816,,3.3850,2.98e-04,1.13
3340,0,8.6809,12.8943,,4.4674,2.98e-04,1.13
3350,0,6.7860,7.5322,,6.0397,2.98e-04,1.13
3360,0,5.2767,7.3334,,3.2200,2.98e-04,1.12
3370,0,5.7549,6.1759,,5.3339,2.98e-04,1.12
3380,0,5.6463,5.9211,,5.3716,2.98e-04,1.11
3390,0,5.5584,5.9032,,5.2137,2.97e-04,1.11
3400,0,6.1972,7.9458,,4.4486,2.97e-04,1.10
3410,0,3.2618,4.4981,,2.0255,2.97e-04,1.10
3420,0,6.0559,6.9532,,5.1586,2.97e-04,1.09
3430,0,4.4389,7.1348,,1.7429,2.97e-04,1.09
3440,0,5.8396,7.9167,,3.7625,2.97e-04,1.09
3450,0,6.3718,7.5947,,5.1490,2.97e-04,1.08
3460,0,5.3251,7.4903,,3.1598,2.97e-04,1.08
3470,0,5.0756,6.3617,,3.7895,2.97e-04,1.07
3480,0,5.0775,7.4868,,2.6682,2.97e-04,1.07
3490,0,6.0448,5.7816,,6.3079,2.97e-04,1.07
3500,0,5.1166,6.2766,,3.9565,2.97e-04,1.06
3510,0,9.5355,7.5723,,11.4987,2.97e-04,1.06
3520,0,4.0870,5.2380,,2.9359,2.97e-04,1.06
3530,0,5.7431,6.8606,,4.6256,2.97e-04,1.05
3540,0,6.2664,7.7639,,4.7690,2.97e-04,1.05
3550,0,4.0188,5.0571,,2.9805,2.97e-04,1.05
3560,0,5.0595,7.3407,,2.7783,2.97e-04,1.04
3570,0,5.1617,6.1662,,4.1572,2.97e-04,1.04
3580,0,5.4231,6.8140,,4.0323,2.97e-04,1.04
3590,0,5.8542,6.1920,,5.5164,2.97e-04,1.03
3600,0,5.2937,7.2200,,3.3674,2.97e-04,1.03
3610,0,6.0211,7.5259,,4.5163,2.97e-04,1.03
3620,0,4.2048,5.6097,,2.7999,2.97e-04,1.02
3630,0,3.6767,4.9260,,2.4275,2.97e-04,1.02
3640,0,6.0807,5.0488,,7.1126,2.97e-04,1.02
3650,0,3.6513,5.2386,,2.0639,2.97e-04,1.01
3660,0,5.7406,6.9580,,4.5233,2.97e-04,1.01
3670,0,6.7463,7.7201,,5.7724,2.97e-04,1.01
3680,0,5.4885,4.8145,,6.1625,2.97e-04,1.00
3690,0,6.9941,8.8055,,5.1826,2.97e-04,1.00
3700,0,7.6891,6.4145,,8.9636,2.97e-04,1.00
3710,0,6.4258,6.4615,,6.3901,2.97e-04,0.99
3720,0,3.3649,3.9309,,2.7988,2.97e-04,0.99
3730,0,5.0638,5.9044,,4.2231,2.97e-04,0.99
3740,0,5.4524,7.8194,,3.0855,2.97e-04,0.99
3750,0,2.7071,4.0078,,1.4064,2.97e-04,0.98
3760,0,5.8826,7.5927,,4.1726,2.97e-04,0.98
3770,0,5.1446,5.8113,,4.4778,2.97e-04,0.98
3780,0,5.9439,5.7458,,6.1420,2.97e-04,0.98
3790,0,7.4899,7.5181,,7.4617,2.97e-04,0.97
3800,0,4.9075,5.5943,,4.2207,2.97e-04,0.97
3810,0,4.1427,5.0371,,3.2484,2.97e-04,0.97
3820,0,6.4133,5.5272,,7.2994,2.97e-04,0.97
3830,0,5.1107,7.1623,,3.0591,2.97e-04,0.96
3840,0,5.0525,7.4250,,2.6800,2.97e-04,0.96
3850,0,5.8935,6.7532,,5.0337,2.97e-04,0.96
3860,0,6.9622,8.1631,,5.7613,2.97e-04,0.95
3870,0,6.1892,5.0344,,7.3441,2.97e-04,0.95
3880,0,6.3644,7.7137,,5.0151,2.97e-04,0.95
3890,0,6.0475,6.1093,,5.9858,2.97e-04,0.95
3900,0,4.7569,7.0946,,2.4191,2.97e-04,0.95
3910,0,5.4044,6.5584,,4.2505,2.97e-04,0.94
3920,0,6.5252,5.7957,,7.2548,2.96e-04,0.94
3930,0,6.2648,8.4625,,4.0672,2.96e-04,0.94
3940,0,5.8004,6.4344,,5.1663,2.96e-04,0.94
3950,0,3.7131,5.1185,,2.3076,2.96e-04,0.93
3960,0,5.5274,7.4133,,3.6415,2.96e-04,0.93
3970,0,6.0235,6.2336,,5.8135,2.96e-04,0.93
3980,0,7.4110,8.9007,,5.9212,2.96e-04,0.93
3990,0,3.6182,5.0606,,2.1757,2.96e-04,0.93
4000,0,4.5086,6.1009,,2.9164,2.96e-04,0.92
4010,0,5.1069,7.1616,,3.0522,2.96e-04,0.92
4020,0,5.3135,7.6400,,2.9870,2.96e-04,0.92
4030,0,6.2976,5.8905,,6.7047,2.96e-04,0.92
4040,0,4.7768,7.1281,,2.4255,2.96e-04,0.92
4050,0,4.7753,6.8463,,2.7043,2.96e-04,0.91
4060,0,4.0927,5.8133,,2.3721,2.96e-04,0.91
4070,0,5.3261,6.7131,,3.9391,2.96e-04,0.91
4080,0,4.4986,4.5291,,4.4682,2.96e-04,0.91
4090,0,5.4855,6.6177,,4.3533,2.96e-04,0.91
4100,0,5.4012,7.6608,,3.1416,2.96e-04,0.90
4110,0,5.4966,7.6117,,3.3816,2.96e-04,0.90
4120,0,6.5068,6.5906,,6.4229,2.96e-04,0.90
4130,0,7.9617,5.9836,,9.9399,2.96e-04,0.90
4140,0,6.0506,8.0734,,4.0278,2.96e-04,0.90
4150,0,5.4773,7.5927,,3.3619,2.96e-04,0.89
4160,0,8.8149,9.3604,,8.2693,2.96e-04,0.89
4170,0,5.1230,5.9143,,4.3317,2.96e-04,0.89
4180,0,2.8254,4.0187,,1.6321,2.96e-04,0.89
4190,0,5.7986,7.6974,,3.8997,2.96e-04,0.89
4200,0,5.2703,7.4548,,3.0857,2.96e-04,0.89
4210,0,5.9580,7.3451,,4.5710,2.96e-04,0.88
4220,0,6.4349,7.0398,,5.8300,2.96e-04,0.88
4230,0,5.2033,5.8692,,4.5374,2.96e-04,0.88
4240,0,5.2723,7.0112,,3.5334,2.96e-04,0.88
4250,0,5.7317,6.5634,,4.9001,2.96e-04,0.88
4260,0,5.1830,7.6872,,2.6788,2.96e-04,0.88
4270,0,7.0007,4.8691,,9.1323,2.96e-04,0.87
4280,0,3.9803,4.6594,,3.3012,2.96e-04,0.87
4290,0,6.3881,7.4473,,5.3289,2.96e-04,0.87
4300,0,3.6837,5.3119,,2.0554,2.96e-04,0.87
4310,0,3.5606,5.1793,,1.9420,2.96e-04,0.87
4320,0,5.2853,6.8036,,3.7670,2.96e-04,0.87
4330,0,5.4295,7.4294,,3.4296,2.96e-04,0.86
4340,0,5.4201,7.1040,,3.7362,2.96e-04,0.86
4350,0,5.0239,6.7866,,3.2613,2.96e-04,0.86
4360,0,5.3371,5.8728,,4.8015,2.96e-04,0.86
4370,0,4.5493,5.6300,,3.4686,2.95e-04,0.86
4380,0,5.5807,5.8830,,5.2785,2.95e-04,0.86
4390,0,5.5835,7.9871,,3.1799,2.95e-04,0.85
4400,0,5.1941,6.9764,,3.4118,2.95e-04,0.85
4410,0,4.0553,4.8553,,3.2554,2.95e-04,0.85
4420,0,6.3474,8.0000,,4.6948,2.95e-04,0.85
4430,0,3.5165,4.5649,,2.4682,2.95e-04,0.85
4440,0,4.8355,4.8775,,4.7936,2.95e-04,0.85
4450,0,3.9794,4.6380,,3.3207,2.95e-04,0.85
4460,0,5.0525,4.6741,,5.4310,2.95e-04,0.85
4470,0,5.4210,6.4160,,4.4260,2.95e-04,0.84
4480,0,5.4679,7.8770,,3.0589,2.95e-04,0.84
4490,0,4.3524,4.7871,,3.9178,2.95e-04,0.84
4500,0,6.9947,7.3943,,6.5950,2.95e-04,0.84
4510,0,3.7860,5.0627,,2.5092,2.95e-04,0.84
4520,0,6.7597,5.3145,,8.2050,2.95e-04,0.84
4530,0,5.8493,5.5357,,6.1629,2.95e-04,0.84
4540,0,6.2731,7.5601,,4.9860,2.95e-04,0.83
4550,0,5.7505,7.0553,,4.4456,2.95e-04,0.83
4560,0,5.6182,6.7805,,4.4558,2.95e-04,0.83
4570,0,2.8624,4.1832,,1.5417,2.95e-04,0.83
4580,0,5.8451,7.0991,,4.5911,2.95e-04,0.83
4590,0,3.8018,5.1521,,2.4516,2.95e-04,0.83
4600,0,4.4887,5.8646,,3.1129,2.95e-04,0.83
4610,0,4.5423,6.3051,,2.7795,2.95e-04,0.83
4620,0,5.7543,6.8709,,4.6376,2.95e-04,0.82
4630,0,3.4663,4.1284,,2.8041,2.95e-04,0.82
4640,0,6.7088,6.1787,,7.2390,2.95e-04,0.82
4650,0,3.1613,4.6477,,1.6749,2.95e-04,0.82
4660,0,5.2944,7.0907,,3.4981,2.95e-04,0.82
4670,0,5.8063,6.2706,,5.3420,2.95e-04,0.82
4680,0,5.9354,5.6128,,6.2579,2.95e-04,0.82
4690,0,5.9176,7.8028,,4.0324,2.95e-04,0.82
4700,0,4.1632,5.4596,,2.8668,2.95e-04,0.82
4710,0,5.7771,7.0045,,4.5497,2.95e-04,0.82
4720,0,5.1727,7.6913,,2.6542,2.95e-04,0.82
4730,0,5.3350,6.5641,,4.1059,2.95e-04,0.82
4740,0,5.0533,5.1768,,4.9298,2.95e-04,0.81
4750,0,3.7774,5.0605,,2.4943,2.95e-04,0.81
4760,0,5.2581,5.6841,,4.8322,2.95e-04,0.81
4770,0,4.6455,6.7083,,2.5826,2.95e-04,0.81
4780,0,5.9288,6.6873,,5.1703,2.94e-04,0.81
4790,0,7.0772,6.2526,,7.9017,2.94e-04,0.81
4800,0,4.0476,4.2852,,3.8101,2.94e-04,0.81
4810,0,6.0779,4.8093,,7.3464,2.94e-04,0.81
4820,0,5.0257,6.4685,,3.5828,2.94e-04,0.81
4830,0,7.2242,7.1516,,7.2968,2.94e-04,0.81
4840,0,5.5053,6.6993,,4.3113,2.94e-04,0.81
4850,0,3.6476,4.4622,,2.8330,2.94e-04,0.80
4860,0,6.3047,6.4046,,6.2048,2.94e-04,0.80
4870,0,5.2716,7.3193,,3.2240,2.94e-04,0.80
4880,0,5.5540,5.5305,,5.5774,2.94e-04,0.80
4890,0,2.7349,3.9396,,1.5302,2.94e-04,0.80
4900,0,4.4653,4.6911,,4.2394,2.94e-04,0.80
4910,0,5.6887,5.4774,,5.9000,2.94e-04,0.80
4920,0,5.3114,5.6781,,4.9447,2.94e-04,0.80
4930,0,4.8333,3.9805,,5.6862,2.94e-04,0.79
4940,0,6.1590,5.5182,,6.7997,2.94e-04,0.79
4950,0,3.7240,4.4967,,2.9513,2.94e-04,0.79
4960,0,6.6287,6.6082,,6.6491,2.94e-04,0.79
4970,0,5.1685,7.6340,,2.7029,2.94e-04,0.79
4980,0,6.2489,7.5977,,4.9002,2.94e-04,0.79
4990,0,3.3133,3.9504,,2.6761,2.94e-04,0.79
5000,0,6.1452,4.8056,,7.4848,2.94e-04,0.79
5010,0,5.7914,6.6120,,4.9707,2.94e-04,0.79
5020,0,6.6064,7.1261,,6.0866,2.94e-04,0.79
5030,0,7.2952,7.1583,,7.4321,2.94e-04,0.79
5040,0,5.3747,6.9178,,3.8315,2.94e-04,0.78
5050,0,4.5111,4.6682,,4.3541,2.94e-04,0.78
5060,0,5.7043,7.7035,,3.7052,2.94e-04,0.78
5070,0,5.0438,4.8144,,5.2733,2.94e-04,0.70
5080,0,5.0515,7.0483,,3.0547,2.94e-04,0.70
5090,0,5.7237,7.0271,,4.4204,2.94e-04,0.70
5100,0,3.0693,4.1754,,1.9631,2.94e-04,0.70
5110,0,4.1970,6.1888,,2.2053,2.94e-04,0.70
5120,0,5.8968,6.9263,,4.8674,2.94e-04,0.69
5130,0,4.5833,6.4895,,2.6771,2.94e-04,0.69
5140,0,5.8324,7.4833,,4.1815,2.94e-04,0.69
5150,0,4.4186,5.1753,,3.6620,2.94e-04,0.69
5160,0,5.7655,6.0861,,5.4449,2.93e-04,0.69
5170,0,6.3401,6.9753,,5.7049,2.93e-04,0.69
5180,0,6.1587,6.7936,,5.5239,2.93e-04,0.69
5190,0,4.8583,5.3334,,4.3832,2.93e-04,0.69
5200,0,5.6201,6.1528,,5.0875,2.93e-04,0.69
5210,0,5.4188,6.9182,,3.9193,2.93e-04,0.69
5220,0,4.4050,5.6290,,3.1810,2.93e-04,0.68
5230,0,4.2585,4.5552,,3.9619,2.93e-04,0.68
5240,0,5.4528,7.0462,,3.8594,2.93e-04,0.68
5250,0,2.9493,3.8180,,2.0806,2.93e-04,0.68
5260,0,5.7604,7.8512,,3.6696,2.93e-04,0.68
5270,0,5.1892,7.0222,,3.3562,2.93e-04,0.68
5280,0,4.9242,5.8207,,4.0277,2.93e-04,0.68
5290,0,5.6620,5.9854,,5.3385,2.93e-04,0.68
5300,0,5.5715,5.8896,,5.2535,2.93e-04,0.67
5310,0,5.1919,6.7269,,3.6569,2.93e-04,0.67
5320,0,5.2429,6.4545,,4.0313,2.93e-04,0.67
5330,0,6.6813,6.3675,,6.9950,2.93e-04,0.67
5340,0,3.1980,3.9241,,2.4718,2.93e-04,0.67
5350,0,5.7750,7.6303,,3.9196,2.93e-04,0.67
5360,0,5.5015,7.1647,,3.8383,2.93e-04,0.67
5370,0,4.0064,5.2136,,2.7993,2.93e-04,0.66
5380,0,6.1912,8.0819,,4.3005,2.93e-04,0.66
5390,0,3.8241,4.7746,,2.8736,2.93e-04,0.66
5400,0,4.7030,6.5711,,2.8350,2.93e-04,0.66
5410,0,5.1024,5.6411,,4.5638,2.93e-04,0.66
5420,0,4.4043,4.3923,,4.4163,2.93e-04,0.66
5430,0,3.1608,3.6394,,2.6823,2.93e-04,0.66
5440,0,9.1929,5.5977,,12.7881,2.93e-04,0.66
5450,0,5.7525,6.4488,,5.0563,2.93e-04,0.66
5460,0,4.9554,7.2614,,2.6493,2.93e-04,0.65
5470,0,3.7353,4.2729,,3.1976,2.93e-04,0.65
5480,0,4.4669,4.8120,,4.1218,2.93e-04,0.65
5490,0,5.0487,6.2181,,3.8794,2.93e-04,0.65
5500,0,2.9950,3.9656,,2.0244,2.93e-04,0.65
5510,0,5.1474,6.6993,,3.5954,2.92e-04,0.65
5520,0,5.1317,7.6977,,2.5656,2.92e-04,0.65
5530,0,2.4325,3.1348,,1.7302,2.92e-04,0.65
5540,0,4.8453,6.0712,,3.6193,2.92e-04,0.65
5550,0,3.8421,5.2556,,2.4286,2.92e-04,0.64
5560,0,4.6477,6.6704,,2.6250,2.92e-04,0.64
5570,0,2.9780,3.9214,,2.0345,2.92e-04,0.64
5580,0,4.8889,5.9865,,3.7913,2.92e-04,0.64
5590,0,6.1579,7.3024,,5.0134,2.92e-04,0.64
5600,0,3.2461,4.6561,,1.8361,2.92e-04,0.64
5610,0,5.5444,5.7934,,5.2954,2.92e-04,0.64
5620,0,2.7652,3.6552,,1.8751,2.92e-04,0.64
5630,0,4.2396,4.1511,,4.3281,2.92e-04,0.64
5640,0,4.3649,3.9844,,4.7455,2.92e-04,0.64
5650,0,4.7356,6.9998,,2.4714,2.92e-04,0.63
5660,0,4.5908,6.2319,,2.9498,2.92e-04,0.63
5670,0,4.6660,5.8363,,3.4957,2.92e-04,0.63
5680,0,4.5965,6.8109,,2.3820,2.92e-04,0.63
5690,0,5.0312,6.5314,,3.5309,2.92e-04,0.63
5700,0,4.4360,5.9306,,2.9413,2.92e-04,0.63
5710,0,4.6734,6.0816,,3.2652,2.92e-04,0.63
5720,0,5.0513,5.7232,,4.3794,2.92e-04,0.63
5730,0,4.9983,5.6790,,4.3175,2.92e-04,0.63
5740,0,4.9302,5.4260,,4.4343,2.92e-04,0.63
5750,0,5.1540,5.1542,,5.1538,2.92e-04,0.62
5760,0,5.5827,7.7626,,3.4028,2.92e-04,0.62
5770,0,5.9053,6.7424,,5.0683,2.92e-04,0.62
5780,0,4.3490,5.4700,,3.2279,2.92e-04,0.62
5790,0,4.9909,6.4363,,3.5455,2.92e-04,0.62
5800,0,6.8187,6.1801,,7.4572,2.92e-04,0.61
5810,0,5.0684,5.5414,,4.5954,2.92e-04,0.61
5820,0,4.7589,6.6314,,2.8863,2.92e-04,0.61
5830,0,2.8778,4.1736,,1.5821,2.91e-04,0.61
5840,0,4.8817,7.1402,,2.6232,2.91e-04,0.60
5850,0,6.0186,8.2379,,3.7992,2.91e-04,0.60
5860,0,3.9995,5.9037,,2.0952,2.91e-04,0.60
5870,0,4.9448,5.6194,,4.2701,2.91e-04,0.60
5880,0,4.2050,3.9311,,4.4789,2.91e-04,0.60
5890,0,5.9128,7.4406,,4.3850,2.91e-04,0.60
5900,0,5.3214,5.7845,,4.8584,2.91e-04,0.60
5910,0,3.9272,4.8276,,3.0269,2.91e-04,0.60
5920,0,5.4845,5.2969,,5.6720,2.91e-04,0.60
5930,0,5.6614,7.1382,,4.1846,2.91e-04,0.60
5940,0,4.6635,6.0439,,3.2830,2.91e-04,0.60
5950,0,4.6598,5.9279,,3.3917,2.91e-04,0.60
5960,0,5.1073,7.0117,,3.2030,2.91e-04,0.59
5970,0,6.3835,7.0370,,5.7300,2.91e-04,0.59
5980,0,4.4369,6.4036,,2.4702,2.91e-04,0.59
5990,0,6.1169,8.3683,,3.8655,2.91e-04,0.59
6000,0,5.4060,6.4016,,4.4104,2.91e-04,0.59
6010,0,6.9025,5.2135,,8.5914,2.91e-04,0.59
6020,0,4.5291,5.7333,,3.3248,2.91e-04,0.59
6030,0,5.1095,6.6841,,3.5348,2.91e-04,0.59
6040,0,4.1806,4.9063,,3.4548,2.91e-04,0.59
6050,0,5.8126,6.8112,,4.8141,2.91e-04,0.59
6060,0,4.5729,6.8590,,2.2867,2.91e-04,0.59
6070,0,4.3243,4.5126,,4.1361,2.91e-04,0.59
6080,0,5.4339,6.5003,,4.3675,2.91e-04,0.59
6090,0,4.2943,3.3837,,5.2048,2.91e-04,0.58
6100,0,5.2576,6.8811,,3.6341,2.91e-04,0.58
6110,0,5.2862,4.5229,,6.0494,2.91e-04,0.58
6120,0,4.8011,5.9130,,3.6893,2.91e-04,0.58
6130,0,4.9509,6.0800,,3.8218,2.91e-04,0.58
6140,0,5.8706,7.0147,,4.7266,2.90e-04,0.58
6150,0,3.7833,5.2080,,2.3586,2.90e-04,0.58
6160,0,3.9829,4.0950,,3.8707,2.90e-04,0.58
6170,0,5.6168,6.6494,,4.5843,2.90e-04,0.58
6180,0,5.7620,7.0126,,4.5114,2.90e-04,0.58
6190,0,5.2577,5.2194,,5.2960,2.90e-04,0.58
6200,0,5.6134,4.4563,,6.7706,2.90e-04,0.58
6210,0,5.3192,7.3745,,3.2638,2.90e-04,0.58
6220,0,4.1723,4.3219,,4.0226,2.90e-04,0.58
6230,0,6.4209,7.1351,,5.7067,2.90e-04,0.58
6240,0,4.8396,5.4856,,4.1936,2.90e-04,0.58
6250,0,4.8112,6.2822,,3.3403,2.90e-04,0.57
6260,0,5.5578,7.4247,,3.6908,2.90e-04,0.57
6270,0,4.7635,4.9650,,4.5620,2.90e-04,0.57
6280,0,5.1352,6.7465,,3.5239,2.90e-04,0.57
6290,0,5.2064,6.4535,,3.9593,2.90e-04,0.57
6300,0,4.1615,5.9533,,2.3696,2.90e-04,0.55
6310,0,4.6807,6.4831,,2.8784,2.90e-04,0.54
6320,0,3.7626,4.9384,,2.5869,2.90e-04,0.54
6330,0,4.7543,7.2436,,2.2651,2.90e-04,0.54
6340,0,4.4186,4.6396,,4.1976,2.90e-04,0.54
6350,0,4.3227,4.8237,,3.8217,2.90e-04,0.54
6360,0,4.4375,4.7204,,4.1546,2.90e-04,0.54
6370,0,4.6908,7.2025,,2.1790,2.90e-04,0.54
6380,0,5.3557,6.5776,,4.1338,2.90e-04,0.54
6390,0,4.3774,6.1435,,2.6113,2.90e-04,0.54
6400,0,5.5393,7.4871,,3.5916,2.90e-04,0.54
6410,0,5.2679,6.8685,,3.6672,2.90e-04,0.54
6420,0,6.3558,5.7386,,6.9730,2.90e-04,0.54
6430,0,4.4272,6.4176,,2.4368,2.90e-04,0.54
6440,0,5.5029,6.2636,,4.7422,2.89e-04,0.54
6450,0,4.6713,6.6393,,2.7033,2.89e-04,0.54
6460,0,4.9155,6.3948,,3.4361,2.89e-04,0.54
6470,0,5.4883,7.9353,,3.0412,2.89e-04,0.54
6480,0,4.2048,6.2990,,2.1107,2.89e-04,0.54
6490,0,5.5103,5.6099,,5.4107,2.89e-04,0.54
6500,0,6.1831,7.8302,,4.5359,2.89e-04,0.54
6510,0,4.6268,3.8062,,5.4475,2.89e-04,0.54
6520,0,2.7862,3.5502,,2.0221,2.89e-04,0.54
6530,0,5.9123,5.9282,,5.8964,2.89e-04,0.54
6540,0,4.3263,5.4785,,3.1740,2.89e-04,0.54
6550,0,5.4239,7.8095,,3.0383,2.89e-04,0.53
6560,0,4.6055,5.7117,,3.4993,2.89e-04,0.53
6570,0,3.0423,3.9864,,2.0981,2.89e-04,0.53
6580,0,2.3850,3.2097,,1.5603,2.89e-04,0.53
6590,0,4.5975,6.3011,,2.8939,2.89e-04,0.53
6600,0,4.3722,5.8415,,2.9030,2.89e-04,0.53
6610,0,4.3925,5.5223,,3.2628,2.89e-04,0.53
6620,0,4.2662,5.2307,,3.3018,2.89e-04,0.53
6630,0,4.2933,3.8302,,4.7563,2.89e-04,0.53
6640,0,5.0922,6.4953,,3.6891,2.89e-04,0.53
6650,0,6.3580,7.3139,,5.4021,2.89e-04,0.53
6660,0,5.5533,7.0193,,4.0873,2.89e-04,0.53
6670,0,8.2485,10.9115,,5.5855,2.89e-04,0.53
6680,0,4.4920,6.6797,,2.3044,2.89e-04,0.53
6690,0,4.5264,5.9696,,3.0833,2.89e-04,0.53
6700,0,4.4328,5.8845,,2.9810,2.89e-04,0.53
6710,0,6.2158,7.3860,,5.0457,2.88e-04,0.53
6720,0,6.3610,6.8373,,5.8847,2.88e-04,0.53
6730,0,2.2183,3.2426,,1.1939,2.88e-04,0.53
6740,0,5.1962,6.6780,,3.7144,2.88e-04,0.53
6750,0,4.2024,5.3079,,3.0969,2.88e-04,0.53
6760,0,5.5584,6.8607,,4.2561,2.88e-04,0.53
6770,0,4.9163,6.7142,,3.1183,2.88e-04,0.53
6780,0,4.1948,5.7920,,2.5977,2.88e-04,0.53
6790,0,5.4750,5.6989,,5.2512,2.88e-04,0.52
6800,0,3.5229,4.2895,,2.7562,2.88e-04,0.52
6810,0,4.9455,6.5055,,3.3855,2.88e-04,0.52
6820,0,4.5816,5.3554,,3.8077,2.88e-04,0.52
6830,0,6.4276,3.7377,,9.1175,2.88e-04,0.52
6840,0,4.6700,4.6859,,4.6541,2.88e-04,0.52
6850,0,3.5479,4.3969,,2.6989,2.88e-04,0.52
6860,0,4.2772,2.7190,,5.8355,2.88e-04,0.52
6870,0,5.5176,6.6637,,4.3714,2.88e-04,0.52
6880,0,5.2070,6.6766,,3.7374,2.88e-04,0.52
6890,0,4.1050,4.8516,,3.3584,2.88e-04,0.52
6900,0,2.1537,2.3174,,1.9900,2.88e-04,0.52
6910,0,6.0082,4.4399,,7.5765,2.88e-04,0.52
6920,0,4.8447,5.6284,,4.0609,2.88e-04,0.52
6930,0,7.0186,7.8037,,6.2334,2.88e-04,0.52
6940,0,5.6109,6.8944,,4.3275,2.88e-04,0.52
6950,0,2.3783,3.2332,,1.5233,2.88e-04,0.52
6960,0,4.4702,6.0741,,2.8662,2.88e-04,0.52
6970,0,3.1424,4.2973,,1.9875,2.88e-04,0.52
6980,0,4.4530,6.2929,,2.6131,2.87e-04,0.52
6990,0,2.1889,2.5618,,1.8161,2.87e-04,0.52
7000,0,5.0411,5.6454,,4.4369,2.87e-04,0.52
7010,0,6.2243,6.6872,,5.7614,2.87e-04,0.52
7020,0,3.7818,4.0647,,3.4990,2.87e-04,0.52
7030,0,4.6254,5.8163,,3.4346,2.87e-04,0.52
7040,0,4.7719,7.3080,,2.2358,2.87e-04,0.52
7050,0,5.6622,6.9212,,4.4033,2.87e-04,0.51
7060,0,5.3223,7.2887,,3.3559,2.87e-04,0.51
7070,0,5.2589,4.9262,,5.5917,2.87e-04,0.51
7080,0,4.2907,4.3862,,4.1952,2.87e-04,0.51
7090,0,4.8652,4.4263,,5.3042,2.87e-04,0.51
7100,0,5.1015,7.6472,,2.5558,2.87e-04,0.51
7110,0,5.6824,5.6094,,5.7553,2.87e-04,0.51
7120,0,4.7579,5.7630,,3.7527,2.87e-04,0.51
7130,0,5.0266,4.1902,,5.8631,2.87e-04,0.51
7140,0,4.9612,6.2112,,3.7113,2.87e-04,0.51
7150,0,4.2278,4.2047,,4.2508,2.87e-04,0.51
7160,0,4.7088,5.6990,,3.7185,2.87e-04,0.51
7170,0,5.2066,6.0529,,4.3602,2.87e-04,0.51
7180,0,4.5520,5.9133,,3.1906,2.87e-04,0.51
7190,0,5.2029,7.1364,,3.2695,2.87e-04,0.51
7200,0,4.9709,5.1816,,4.7602,2.87e-04,0.51
7210,0,4.0304,4.9414,,3.1193,2.87e-04,0.51
7220,0,4.3989,6.0338,,2.7639,2.87e-04,0.51
7230,0,5.3673,6.0453,,4.6893,2.87e-04,0.51
7240,0,3.7539,5.3140,,2.1938,2.86e-04,0.51
7250,0,5.0724,5.9927,,4.1520,2.86e-04,0.51
7260,0,5.0586,6.0663,,4.0509,2.86e-04,0.51
7270,0,4.8108,7.3351,,2.2865,2.86e-04,0.51
7280,0,5.5096,5.4855,,5.5338,2.86e-04,0.51
7290,0,3.2299,3.8999,,2.5599,2.86e-04,0.51
7300,0,5.7302,6.3964,,5.0640,2.86e-04,0.51
7310,0,6.6486,8.6685,,4.6287,2.86e-04,0.51
7320,0,4.9561,5.0451,,4.8671,2.86e-04,0.51
7330,0,4.6287,5.8801,,3.3774,2.86e-04,0.51
7340,0,4.9086,5.7732,,4.0441,2.86e-04,0.51
7350,0,3.7717,4.3529,,3.1906,2.86e-04,0.51
7360,0,5.5710,6.6263,,4.5156,2.86e-04,0.51
7370,0,4.4676,4.6984,,4.2368,2.86e-04,0.51
7380,0,5.2143,5.1231,,5.3054,2.86e-04,0.51
7390,0,6.1598,5.0556,,7.2641,2.86e-04,0.51
7400,0,4.4662,6.3744,,2.5580,2.86e-04,0.51
7410,0,5.6515,6.0837,,5.2193,2.86e-04,0.51
7420,0,5.6473,7.7748,,3.5198,2.86e-04,0.51
7430,0,5.2870,7.0630,,3.5109,2.86e-04,0.51
7440,0,4.6574,5.1684,,4.1464,2.86e-04,0.51
7450,0,5.3631,5.6445,,5.0818,2.86e-04,0.51
7460,0,5.3379,7.0254,,3.6504,2.86e-04,0.51
7470,0,5.6342,6.6122,,4.6563,2.86e-04,0.51
7480,0,6.9142,6.7359,,7.0925,2.86e-04,0.51
7490,0,3.4975,3.8157,,3.1792,2.85e-04,0.51
7500,0,4.3421,6.7140,,1.9703,2.85e-04,0.51
7510,0,6.0822,6.9271,,5.2373,2.85e-04,0.51
7520,0,5.3188,6.3870,,4.2505,2.85e-04,0.51
7530,0,5.2196,5.0835,,5.3557,2.85e-04,0.51
7540,0,4.5949,4.9918,,4.1979,2.85e-04,0.51
7550,0,5.1473,5.4162,,4.8785,2.85e-04,0.51
7560,0,4.5115,4.8709,,4.1521,2.85e-04,0.51
7570,0,4.7882,6.5036,,3.0728,2.85e-04,0.51
7580,0,6.0092,5.1370,,6.8814,2.85e-04,0.51
7590,0,2.3516,2.9015,,1.8017,2.85e-04,0.51
7600,0,4.8800,6.9302,,2.8299,2.85e-04,0.51
7610,0,4.6976,4.3725,,5.0227,2.85e-04,0.51
7620,0,5.2489,6.6575,,3.8404,2.85e-04,0.51
7630,0,5.6072,6.9746,,4.2398,2.85e-04,0.51
7640,0,5.9475,7.4517,,4.4434,2.85e-04,0.51
7650,0,4.6306,5.1961,,4.0650,2.85e-04,0.51
7660,0,4.2303,5.1788,,3.2818,2.85e-04,0.51
7670,0,6.5542,6.5178,,6.5906,2.85e-04,0.51
7680,0,4.1532,4.7927,,3.5138,2.85e-04,0.51
7690,0,4.1898,5.4612,,2.9184,2.85e-04,0.51
7700,0,4.9116,5.4353,,4.3880,2.85e-04,0.51
7710,0,5.4632,4.3391,,6.5874,2.85e-04,0.51
7720,0,3.0166,3.4040,,2.6292,2.85e-04,0.51
7730,0,4.8349,3.8664,,5.8035,2.84e-04,0.51
7740,0,2.2026,3.1708,,1.2345,2.84e-04,0.51
7750,0,4.2763,3.7643,,4.7882,2.84e-04,0.51
7760,0,4.3171,4.3937,,4.2404,2.84e-04,0.51
7770,0,3.0299,3.6665,,2.3934,2.84e-04,0.51
7780,0,3.5059,4.4590,,2.5528,2.84e-04,0.51
7790,0,3.5189,4.1883,,2.8495,2.84e-04,0.51
7800,0,5.6983,4.7392,,6.6574,2.84e-04,0.51
7810,0,4.4437,5.8419,,3.0454,2.84e-04,0.51
7820,0,6.2120,7.1490,,5.2749,2.84e-04,0.51
7830,0,4.6226,6.9509,,2.2944,2.84e-04,0.51
7840,0,5.2442,5.6132,,4.8752,2.84e-04,0.51
7850,0,3.6736,3.9320,,3.4152,2.84e-04,0.51
7860,0,4.6363,4.2685,,5.0042,2.84e-04,0.51
7870,0,4.6259,5.3280,,3.9238,2.84e-04,0.51
7880,0,3.1135,3.8133,,2.4136,2.84e-04,0.51
7890,0,2.3144,3.4034,,1.2255,2.84e-04,0.51
7900,0,4.8387,5.6716,,4.0058,2.84e-04,0.51
7910,0,4.1545,4.6486,,3.6604,2.84e-04,0.51
7920,0,2.6104,3.5770,,1.6438,2.84e-04,0.51
7930,0,5.0463,7.0474,,3.0453,2.84e-04,0.51
7940,0,4.8026,5.6691,,3.9360,2.84e-04,0.51
7950,0,6.2886,6.8750,,5.7022,2.84e-04,0.51
7960,0,4.7656,7.1097,,2.4215,2.83e-04,0.51
7970,0,5.9345,7.2373,,4.6317,2.83e-04,0.51
7980,0,5.0624,5.1606,,4.9642,2.83e-04,0.51
7990,0,5.1462,4.8067,,5.4857,2.83e-04,0.51
8000,0,4.4355,4.9779,,3.8932,2.83e-04,0.51
8010,0,5.2588,7.0460,,3.4715,2.83e-04,0.51
8020,0,4.0611,4.9619,,3.1604,2.83e-04,0.51
8030,0,5.2712,6.5608,,3.9816,2.83e-04,0.51
8040,0,4.5626,5.9414,,3.1837,2.83e-04,0.51
8050,0,4.7981,7.0356,,2.5605,2.83e-04,0.51
8060,0,6.6246,7.6734,,5.5758,2.83e-04,0.51
8070,0,5.7255,5.8887,,5.5623,2.83e-04,0.51
8080,0,4.1593,6.0624,,2.2561,2.83e-04,0.51
8090,0,4.6977,4.7175,,4.6778,2.83e-04,0.51
8100,0,4.6914,5.0333,,4.3495,2.83e-04,0.51
8110,0,5.5214,7.1152,,3.9275,2.83e-04,0.51
8120,0,5.5511,4.6016,,6.5007,2.83e-04,0.51
8130,0,4.9713,6.7841,,3.1585,2.83e-04,0.51
8140,0,5.3934,4.7281,,6.0587,2.83e-04,0.51
8150,0,4.4186,4.7059,,4.1314,2.83e-04,0.51
8160,0,5.7153,4.1651,,7.2656,2.83e-04,0.51
8170,0,3.1491,4.0849,,2.2134,2.83e-04,0.50
8180,0,4.5579,6.5581,,2.5578,2.83e-04,0.50
8190,0,4.7614,5.1148,,4.4080,2.82e-04,0.50
8200,0,6.3288,5.8283,,6.8293,2.82e-04,0.50
8210,0,5.2995,7.0484,,3.5506,2.82e-04,0.50
8220,0,4.8795,6.4025,,3.3565,2.82e-04,0.50
8230,0,4.4289,6.6538,,2.2040,2.82e-04,0.50
8240,0,4.6504,5.9032,,3.3977,2.82e-04,0.50
8250,0,2.8195,3.7581,,1.8810,2.82e-04,0.50
8260,0,5.6943,5.5134,,5.8751,2.82e-04,0.50
8270,0,4.1496,5.9167,,2.3825,2.82e-04,0.50
8280,0,3.5178,3.9450,,3.0905,2.82e-04,0.50
8290,0,3.5870,4.3770,,2.7971,2.82e-04,0.50
8300,0,3.8732,4.3111,,3.4353,2.82e-04,0.50
8310,0,2.6078,3.8422,,1.3735,2.82e-04,0.50
8320,0,3.3970,4.5468,,2.2471,2.82e-04,0.50
8330,0,5.0803,5.1992,,4.9615,2.82e-04,0.50
8340,0,3.8557,3.5383,,4.1732,2.82e-04,0.50
8350,0,5.4595,7.1719,,3.7471,2.82e-04,0.50
8360,0,5.5640,6.8314,,4.2965,2.82e-04,0.50
8370,0,3.9854,5.0523,,2.9184,2.82e-04,0.48
8380,0,2.8715,3.7423,,2.0008,2.82e-04,0.48
8390,0,3.6497,3.3591,,3.9404,2.82e-04,0.48
8400,0,4.6614,7.2146,,2.1082,2.82e-04,0.48
8410,0,5.6280,6.9517,,4.3043,2.81e-04,0.48
8420,0,5.1588,6.6980,,3.6196,2.81e-04,0.48
8430,0,3.5989,4.0556,,3.1423,2.81e-04,0.48
8440,0,4.1540,3.8644,,4.4437,2.81e-04,0.48
8450,0,4.8894,5.8422,,3.9366,2.81e-04,0.48
8460,0,4.2378,4.8388,,3.6368,2.81e-04,0.48
8470,0,5.3874,7.4994,,3.2753,2.81e-04,0.48
8480,0,4.5218,6.8122,,2.2315,2.81e-04,0.48
8490,0,4.0112,5.3045,,2.7179,2.81e-04,0.48
8500,0,4.3019,5.2540,,3.3498,2.81e-04,0.48
8510,0,4.6162,4.5373,,4.6950,2.81e-04,0.48
8520,0,4.4196,6.2853,,2.5539,2.81e-04,0.48
8530,0,5.8026,6.1326,,5.4726,2.81e-04,0.48
8540,0,5.4165,5.5105,,5.3226,2.81e-04,0.48
8550,0,6.9335,5.1731,,8.6938,2.81e-04,0.48
8560,0,6.4097,6.1753,,6.6440,2.81e-04,0.48
8570,0,2.4331,3.4912,,1.3749,2.81e-04,0.48
8580,0,5.5949,5.1994,,5.9905,2.81e-04,0.48
8590,0,4.6672,5.2849,,4.0495,2.81e-04,0.48
8600,0,2.9433,3.5707,,2.3158,2.81e-04,0.48
8610,0,5.5598,6.0811,,5.0384,2.81e-04,0.48
8620,0,4.6578,6.8165,,2.4990,2.81e-04,0.48
8630,0,3.7167,3.6456,,3.7879,2.80e-04,0.48
8640,0,4.2432,4.6924,,3.7939,2.80e-04,0.48
8650,0,5.5273,4.8767,,6.1778,2.80e-04,0.48
8660,0,7.2716,7.9665,,6.5768,2.80e-04,0.48
8670,0,6.2245,4.7925,,7.6566,2.80e-04,0.48
8680,0,5.7548,6.6509,,4.8587,2.80e-04,0.48
8690,0,3.8739,5.6362,,2.1116,2.80e-04,0.48
8700,0,5.9193,6.8649,,4.9738,2.80e-04,0.47
8710,0,4.9361,5.8731,,3.9991,2.80e-04,283.46
8720,0,4.0612,5.4189,,2.7036,2.80e-04,136.55
8730,0,6.3002,4.6115,,7.9888,2.80e-04,86.07
8740,0,5.2419,6.8887,,3.5952,2.80e-04,63.27
8750,0,3.6295,3.7383,,3.5206,2.80e-04,50.40
8760,0,4.9024,5.6632,,4.1415,2.80e-04,42.44
8770,0,2.0159,2.5955,,1.4364,2.80e-04,36.83
8780,0,4.1341,3.9642,,4.3040,2.80e-04,32.45
8790,0,5.0629,7.1751,,2.9507,2.80e-04,28.45
8800,0,3.7682,4.5952,,2.9411,2.80e-04,25.59
8810,0,4.8857,4.9235,,4.8479,2.80e-04,23.12
8820,0,5.1304,5.9002,,4.3607,2.80e-04,21.09
8830,0,3.0802,3.9964,,2.1641,2.80e-04,19.59
8840,0,3.7876,4.6721,,2.9030,2.79e-04,18.33
8850,0,4.1139,5.8439,,2.3839,2.79e-04,17.25
8860,0,4.7347,7.4115,,2.0579,2.79e-04,16.30
8870,0,2.9783,4.1363,,1.8203,2.79e-04,15.40
8880,0,5.0060,3.7272,,6.2847,2.79e-04,14.64
8890,0,4.9012,7.3821,,2.4203,2.79e-04,13.88
8900,0,4.8573,5.2221,,4.4926,2.79e-04,13.11
8910,0,3.4444,4.6406,,2.2482,2.79e-04,12.45
8920,0,4.6057,4.5105,,4.7010,2.79e-04,11.92
8930,0,1.4437,1.8703,,1.0170,2.79e-04,11.44
8940,0,3.6076,3.8989,,3.3164,2.79e-04,11.00
8950,0,4.7719,6.1826,,3.3613,2.79e-04,10.59
8960,0,3.8261,5.0202,,2.6320,2.79e-04,10.22
8970,0,2.8153,4.0309,,1.5998,2.79e-04,9.86
8980,0,4.0282,5.3217,,2.7346,2.79e-04,9.55
8990,0,4.9649,6.2746,,3.6552,2.79e-04,9.25
9000,0,2.1568,2.6601,,1.6535,2.79e-04,8.96
9010,0,4.1112,3.9382,,4.2841,2.79e-04,8.69
9020,0,4.4134,5.1441,,3.6827,2.79e-04,8.45
9030,0,5.3805,6.2177,,4.5432,2.79e-04,8.23
9040,0,5.1058,6.2969,,3.9148,2.79e-04,8.02
9050,0,4.2822,5.6519,,2.9125,2.78e-04,7.85
9060,0,4.5869,6.9270,,2.2469,2.78e-04,7.69
9070,0,4.2895,5.2247,,3.3542,2.78e-04,7.53
9080,0,5.5980,6.5780,,4.6181,2.78e-04,7.35
9090,0,5.6432,3.8024,,7.4839,2.78e-04,7.18
9100,0,3.3343,3.6857,,2.9829,2.78e-04,7.01
9110,0,2.6141,3.5918,,1.6363,2.78e-04,6.85
9120,0,5.5280,6.6736,,4.3823,2.78e-04,6.70
9130,0,4.8611,6.7372,,2.9850,2.78e-04,6.57
9140,0,3.6893,4.7493,,2.6292,2.78e-04,6.44
9150,0,6.0764,5.6849,,6.4678,2.78e-04,6.31
9160,0,5.4529,4.4946,,6.4113,2.78e-04,6.20
9170,0,3.4816,3.2798,,3.6834,2.78e-04,6.08
9180,0,4.7830,4.0986,,5.4673,2.78e-04,5.97
9190,0,4.9322,6.4144,,3.4500,2.78e-04,5.87
9200,0,5.1611,6.7088,,3.6134,2.78e-04,5.76
9210,0,5.7634,7.7632,,3.7636,2.78e-04,5.66
9220,0,2.9843,3.9645,,2.0042,2.78e-04,5.58
9230,0,3.8922,6.0937,,1.6906,2.78e-04,5.48
9240,0,4.3956,6.2491,,2.5420,2.78e-04,5.38
9250,0,4.7833,7.0059,,2.5606,2.77e-04,5.29
9260,0,4.9701,5.3814,,4.5587,2.77e-04,5.20
9270,0,4.4334,6.8457,,2.0211,2.77e-04,5.11
9280,0,5.5352,4.3585,,6.7119,2.77e-04,5.03
9290,0,4.3557,4.0597,,4.6517,2.77e-04,4.96
9300,0,5.2784,6.5325,,4.0243,2.77e-04,4.88
9310,0,3.3967,4.7533,,2.0400,2.77e-04,4.80
9320,0,4.0772,5.7171,,2.4372,2.77e-04,4.73
9330,0,5.0822,5.4497,,4.7148,2.77e-04,4.65
9340,0,5.4778,6.3431,,4.6125,2.77e-04,4.59
9350,0,4.7919,3.8531,,5.7307,2.77e-04,4.53
9360,0,4.3534,3.6509,,5.0559,2.77e-04,4.47
9370,0,5.2655,5.9812,,4.5497,2.77e-04,4.41
9380,0,3.6693,4.8043,,2.5344,2.77e-04,4.35
9390,0,6.1817,4.1335,,8.2299,2.77e-04,4.30
9400,0,3.6441,4.6012,,2.6869,2.77e-04,4.23
9410,0,4.1517,5.8598,,2.4436,2.77e-04,4.16
9420,0,5.0043,5.2403,,4.7683,2.77e-04,4.09
9430,0,4.4249,6.0883,,2.7614,2.77e-04,4.02
9440,0,5.2025,7.4269,,2.9781,2.76e-04,3.96
9450,0,4.6769,6.0169,,3.3369,2.76e-04,3.90
9460,0,2.9267,3.4858,,2.3675,2.76e-04,3.85
9470,0,4.3260,4.1722,,4.4798,2.76e-04,3.79
9480,0,6.4878,6.3642,,6.6113,2.76e-04,3.75
9490,0,5.0152,5.5188,,4.5115,2.76e-04,3.70
9500,0,4.9701,6.7650,,3.1752,2.76e-04,3.65
9510,0,3.8314,3.8134,,3.8494,2.76e-04,3.61
9520,0,2.7608,3.3276,,2.1939,2.76e-04,3.57
9530,0,3.2625,4.7488,,1.7762,2.76e-04,3.54
9540,0,4.9088,7.2922,,2.5254,2.76e-04,3.50
9550,0,4.6410,7.1452,,2.1368,2.76e-04,3.47
9560,0,4.7745,6.5376,,3.0115,2.76e-04,3.43
9570,0,5.1195,4.9954,,5.2436,2.76e-04,3.39
9580,0,2.6267,2.7333,,2.5200,2.76e-04,3.36
9590,0,5.6477,5.5874,,5.7080,2.76e-04,3.32
9600,0,4.9143,5.9158,,3.9128,2.76e-04,3.29
9610,0,3.7796,4.3567,,3.2024,2.76e-04,3.26
9620,0,5.2926,3.9498,,6.6354,2.76e-04,3.22
9630,0,4.4606,3.7879,,5.1333,2.76e-04,3.19
9640,0,5.3710,5.5586,,5.1834,2.75e-04,3.16
9650,0,2.7057,3.5249,,1.8865,2.75e-04,3.13
9660,0,2.1974,2.8745,,1.5203,2.75e-04,3.10
9670,0,3.8704,3.8985,,3.8423,2.75e-04,3.07
9680,0,4.5632,6.7491,,2.3774,2.75e-04,3.04
9690,0,3.5660,2.5837,,4.5483,2.75e-04,3.01
9700,0,5.3787,6.5541,,4.2033,2.75e-04,2.98
9710,0,2.8595,4.2950,,1.4239,2.75e-04,2.70
9720,0,2.9864,4.0426,,1.9302,2.75e-04,2.68
9730,0,4.2597,5.4911,,3.0283,2.75e-04,2.66
9740,0,3.7038,3.7931,,3.6144,2.75e-04,2.64
9750,0,4.3952,4.6333,,4.1572,2.75e-04,2.61
9760,0,6.6282,8.7738,,4.4827,2.75e-04,2.58
9770,0,5.2176,6.9115,,3.5237,2.75e-04,2.55
9780,0,5.6322,6.2554,,5.0091,2.75e-04,2.53
9790,0,4.5075,7.0757,,1.9392,2.75e-04,2.50
9800,0,5.3403,6.3583,,4.3222,2.75e-04,2.49
9810,0,4.0489,5.3964,,2.7013,2.75e-04,2.48
9820,0,4.5874,6.9051,,2.2697,2.75e-04,2.46
9830,0,3.9383,4.7557,,3.1210,2.74e-04,2.45
9840,0,4.9268,6.6407,,3.2129,2.74e-04,2.43
9850,0,2.5006,2.8065,,2.1947,2.74e-04,2.42
9860,0,3.6405,4.7370,,2.5440,2.74e-04,2.41
9870,0,5.1968,5.7066,,4.6871,2.74e-04,2.39
9880,0,4.4590,5.0792,,3.8387,2.74e-04,2.38
9890,0,5.1152,6.9417,,3.2887,2.74e-04,2.37
9900,0,4.5677,5.6521,,3.4832,2.74e-04,2.36
9910,0,4.2024,5.2592,,3.1457,2.74e-04,2.34
9920,0,3.9269,3.6614,,4.1924,2.74e-04,2.33
9930,0,4.5921,5.3792,,3.8051,2.74e-04,2.32
9940,0,5.0009,4.6729,,5.3290,2.74e-04,2.31
9950,0,3.8685,5.1077,,2.6293,2.74e-04,2.29
9960,0,2.9786,2.7066,,3.2506,2.74e-04,2.28
9970,0,2.5245,3.3724,,1.6766,2.74e-04,2.26
9980,0,3.2167,4.5371,,1.8962,2.74e-04,2.25
9990,0,5.4640,6.2711,,4.6569,2.74e-04,2.24
10000,0,4.8563,3.8147,,5.8980,2.74e-04,2.23
10010,0,3.0677,3.8333,,2.3021,2.73e-04,2.22
10020,0,4.7612,7.2126,,2.3098,2.73e-04,2.21
10030,0,4.1626,3.8300,,4.4952,2.73e-04,2.20
10040,0,3.5594,3.9361,,3.1828,2.73e-04,2.19
10050,0,2.9699,3.4333,,2.5065,2.73e-04,2.18
10060,0,4.2067,5.2732,,3.1402,2.73e-04,2.17
10070,0,3.3497,3.5954,,3.1040,2.73e-04,2.16
10080,0,4.0899,3.3754,,4.8044,2.73e-04,2.15
10090,0,4.3170,5.9160,,2.7180,2.73e-04,2.14
10100,0,5.4733,4.8359,,6.1107,2.73e-04,2.13
10110,0,4.4869,4.9595,,4.0143,2.73e-04,2.12
10120,0,2.7059,3.6729,,1.7389,2.73e-04,2.11
10130,0,4.3946,5.1645,,3.6247,2.73e-04,2.10
10140,0,5.4750,5.9043,,5.0456,2.73e-04,2.09
10150,0,5.6350,6.5498,,4.7201,2.73e-04,2.08
10160,0,3.6474,4.6219,,2.6729,2.73e-04,2.07
10170,0,4.7420,6.3485,,3.1355,2.73e-04,2.06
10180,0,4.3869,4.3630,,4.4107,2.73e-04,2.05
10190,0,4.7359,6.9051,,2.5667,2.73e-04,2.04
10200,0,4.0933,3.7645,,4.4221,2.72e-04,2.03
10210,0,3.1112,3.8615,,2.3610,2.72e-04,2.02
10220,0,4.4771,6.5893,,2.3649,2.72e-04,2.01
10230,0,4.2721,5.2530,,3.2912,2.72e-04,2.00
10240,0,3.1704,3.7163,,2.6244,2.72e-04,1.99
10250,0,5.2970,5.7382,,4.8559,2.72e-04,1.98
10260,0,3.3544,3.3538,,3.3550,2.72e-04,1.97
10270,0,5.1750,7.2800,,3.0700,2.72e-04,1.96
10280,0,5.0944,6.7525,,3.4364,2.72e-04,1.96
10290,0,2.7525,2.8107,,2.6942,2.72e-04,1.95
10300,0,3.6148,3.4066,,3.8229,2.72e-04,1.94
10310,0,3.5961,3.1555,,4.0367,2.72e-04,1.93
10320,0,4.4214,5.9801,,2.8628,2.72e-04,1.92
10330,0,6.1924,7.8353,,4.5494,2.72e-04,1.91
10340,0,3.8603,4.2407,,3.4798,2.72e-04,1.90
10350,0,4.8797,5.1329,,4.6266,2.72e-04,1.90
10360,0,4.5487,5.7880,,3.3094,2.72e-04,1.89
10370,0,4.7930,6.5322,,3.0537,2.72e-04,1.88
10380,0,4.5724,6.3094,,2.8354,2.71e-04,1.87
10390,0,4.9293,6.3154,,3.5433,2.71e-04,1.87
10400,0,4.1074,3.7629,,4.4519,2.71e-04,1.86
10410,0,4.7417,6.8483,,2.6352,2.71e-04,1.85
10420,0,5.4276,4.8270,,6.0281,2.71e-04,1.85
10430,0,4.2363,5.3495,,3.1232,2.71e-04,1.84
10440,0,4.7492,6.4101,,3.0884,2.71e-04,1.83
10450,0,4.2583,6.1209,,2.3957,2.71e-04,1.83
10460,0,4.7185,6.0042,,3.4327,2.71e-04,1.82
10470,0,4.7379,4.3894,,5.0864,2.71e-04,1.81
10480,0,2.6413,3.2427,,2.0399,2.71e-04,1.81
10490,0,2.3344,3.6024,,1.0663,2.71e-04,1.80
10500,0,5.3571,7.3496,,3.3645,2.71e-04,1.79
10510,0,5.8207,4.1064,,7.5350,2.71e-04,1.79
10520,0,5.3985,6.5828,,4.2142,2.71e-04,1.78
10530,0,3.0992,3.5184,,2.6801,2.71e-04,1.77
10540,0,4.8711,5.4325,,4.3098,2.71e-04,1.77
10550,0,1.7893,2.2218,,1.3567,2.71e-04,1.76
10560,0,4.6695,6.0878,,3.2513,2.70e-04,1.75
10570,0,4.8878,6.5019,,3.2737,2.70e-04,1.75
10580,0,3.4837,4.0104,,2.9570,2.70e-04,1.74
10590,0,3.9552,5.9292,,1.9812,2.70e-04,1.74
10600,0,3.9121,4.5792,,3.2451,2.70e-04,1.73
10610,0,5.1497,6.0749,,4.2245,2.70e-04,1.72
10620,0,3.3367,3.3143,,3.3591,2.70e-04,1.72
10630,0,4.5106,6.6598,,2.3614,2.70e-04,1.71
10640,0,5.1401,6.4200,,3.8603,2.70e-04,1.71
10650,0,3.4829,3.6266,,3.3392,2.70e-04,1.70
10660,0,5.3380,4.7061,,5.9700,2.70e-04,1.70
10670,0,3.1104,3.7922,,2.4285,2.70e-04,1.69
10680,0,5.3298,7.5442,,3.1154,2.70e-04,1.68
10690,0,3.4913,3.6014,,3.3812,2.70e-04,1.68
10700,0,6.9510,7.3787,,6.5233,2.70e-04,1.67
10710,0,4.6106,5.3341,,3.8870,2.70e-04,1.67
10720,0,4.1135,6.2763,,1.9506,2.70e-04,1.66
10730,0,7.2239,9.4607,,4.9871,2.69e-04,1.66
10740,0,3.2475,2.2775,,4.2175,2.69e-04,1.65
10750,0,5.8032,6.8760,,4.7304,2.69e-04,1.65
10760,0,3.8454,4.4556,,3.2352,2.69e-04,1.64
10770,0,5.3227,6.1417,,4.5036,2.69e-04,1.64
10780,0,3.4059,4.0138,,2.7979,2.69e-04,1.63
10790,0,4.7400,6.3420,,3.1381,2.69e-04,1.63
10800,0,4.8276,4.8304,,4.8248,2.69e-04,1.62
10810,0,4.6312,6.6545,,2.6078,2.69e-04,1.62
10820,0,4.6857,4.8426,,4.5287,2.69e-04,1.61
10830,0,2.6843,3.3070,,2.0616,2.69e-04,1.61
10840,0,4.7376,6.4664,,3.0087,2.69e-04,1.60
10850,0,5.0229,6.8002,,3.2455,2.69e-04,1.60
10860,0,4.6717,5.6836,,3.6598,2.69e-04,1.59
10870,0,4.9847,5.4058,,4.5635,2.69e-04,1.59
10880,0,4.5457,5.9270,,3.1645,2.69e-04,1.58
10890,0,4.8513,6.2215,,3.4811,2.69e-04,1.58
10900,0,4.6831,5.0995,,4.2668,2.68e-04,1.57
10910,0,3.7616,5.4490,,2.0742,2.68e-04,1.57
10920,0,4.9147,6.1052,,3.7241,2.68e-04,1.56
10930,0,4.9471,3.9512,,5.9431,2.68e-04,1.56
10940,0,5.9743,6.7231,,5.2255,2.68e-04,1.55
10950,0,2.2361,2.4663,,2.0059,2.68e-04,1.55
10960,0,5.3717,5.1780,,5.5655,2.68e-04,1.55
10970,0,3.5394,5.2677,,1.8111,2.68e-04,1.54
10980,0,4.7482,5.7651,,3.7312,2.68e-04,1.54
10990,0,4.8754,5.5797,,4.1711,2.68e-04,1.53
11000,0,4.4413,6.3546,,2.5280,2.68e-04,1.53
11010,0,3.6198,4.6982,,2.5414,2.68e-04,1.52
11020,0,4.3347,5.8199,,2.8495,2.68e-04,1.52
11030,0,3.6025,2.6973,,4.5077,2.68e-04,1.51
11040,0,3.8029,4.8370,,2.7688,2.68e-04,1.51
11050,0,5.4753,7.0018,,3.9487,2.68e-04,1.51
11060,0,3.1177,3.3445,,2.8908,2.68e-04,1.50
11070,0,4.6876,6.9872,,2.3881,2.67e-04,1.50
11080,0,6.1922,6.2017,,6.1827,2.67e-04,1.49
11090,0,3.1899,4.3678,,2.0120,2.67e-04,1.49
11100,0,4.8510,5.9415,,3.7604,2.67e-04,1.49
11110,0,5.3974,7.5730,,3.2218,2.67e-04,1.48
11120,0,4.4855,6.7880,,2.1831,2.67e-04,1.48
11130,0,3.5440,4.1905,,2.8975,2.67e-04,1.47
11140,0,4.4176,6.6956,,2.1397,2.67e-04,1.47
11150,0,3.9133,4.9564,,2.8702,2.67e-04,1.47
11160,0,5.3928,7.5557,,3.2299,2.67e-04,1.46
11170,0,4.8316,6.5606,,3.1025,2.67e-04,1.46
11180,0,3.0506,3.9712,,2.1300,2.67e-04,1.45
11190,0,4.2266,5.6927,,2.7605,2.67e-04,1.45
11200,0,5.8227,6.9935,,4.6519,2.67e-04,1.45
11210,0,3.1958,4.3440,,2.0476,2.67e-04,1.44
11220,0,2.5902,3.2284,,1.9520,2.67e-04,1.44
11230,0,4.0437,4.2159,,3.8715,2.67e-04,1.44
11240,0,1.9192,2.3716,,1.4668,2.66e-04,1.37
11250,0,3.7366,5.0894,,2.3838,2.66e-04,1.37
11260,0,4.9895,4.8109,,5.1681,2.66e-04,1.37
11270,0,3.6024,3.5846,,3.6202,2.66e-04,1.37
11280,0,4.5118,5.5091,,3.5145,2.66e-04,1.36
11290,0,3.5758,3.9701,,3.1814,2.66e-04,1.36
11300,0,4.4185,5.0944,,3.7427,2.66e-04,1.36
11310,0,5.0457,5.9809,,4.1104,2.66e-04,1.36
11320,0,5.2763,5.9618,,4.5909,2.66e-04,1.35
11330,0,4.2479,3.2751,,5.2208,2.66e-04,1.35
11340,0,4.9669,4.1913,,5.7425,2.66e-04,1.35
11350,0,2.2260,3.0377,,1.4143,2.66e-04,1.34
11360,0,3.5539,3.6738,,3.4341,2.66e-04,1.34
11370,0,6.5610,5.1178,,8.0043,2.66e-04,1.34
11380,0,3.7677,5.5231,,2.0122,2.66e-04,1.34
11390,0,4.1888,5.4990,,2.8785,2.66e-04,1.33
11400,0,3.1399,3.5445,,2.7354,2.66e-04,1.33
11410,0,2.3722,3.1187,,1.6257,2.65e-04,1.33
11420,0,2.6175,2.8378,,2.3972,2.65e-04,1.32
11430,0,2.4875,3.4600,,1.5151,2.65e-04,1.32
11440,0,4.9885,7.5707,,2.4062,2.65e-04,1.32
11450,0,4.9565,4.8353,,5.0777,2.65e-04,1.32
11460,0,3.6270,4.1437,,3.1103,2.65e-04,1.31
11470,0,3.9202,2.9738,,4.8666,2.65e-04,1.31
11480,0,3.5238,4.2071,,2.8405,2.65e-04,1.31
11490,0,4.7808,5.9734,,3.5883,2.65e-04,1.30
11500,0,4.2297,4.5039,,3.9555,2.65e-04,1.30
11510,0,4.0538,5.8623,,2.2453,2.65e-04,1.30
11520,0,3.8381,4.4692,,3.2071,2.65e-04,1.29
11530,0,5.0994,6.3618,,3.8369,2.65e-04,1.29
11540,0,5.0749,5.9133,,4.2365,2.65e-04,1.29
11550,0,4.9442,4.9079,,4.9805,2.65e-04,1.27
11560,0,6.2578,6.9314,,5.5842,2.65e-04,1.26
11570,0,3.7496,4.0248,,3.4745,2.64e-04,1.26
11580,0,2.6429,3.4466,,1.8391,2.64e-04,1.26
11590,0,4.0971,6.0022,,2.1921,2.64e-04,1.26
11600,0,4.4215,5.3291,,3.5140,2.64e-04,1.25
11610,0,4.1558,4.3877,,3.9240,2.64e-04,1.25
11620,0,4.3910,4.7787,,4.0033,2.64e-04,1.25
11630,0,4.1109,6.4006,,1.8211,2.64e-04,1.25
11640,0,4.6935,6.3250,,3.0619,2.64e-04,1.24
11650,0,5.1944,5.1668,,5.2220,2.64e-04,1.18
11660,0,4.8182,7.4198,,2.2167,2.64e-04,1.18
11670,0,6.3071,4.8534,,7.7609,2.64e-04,1.18
11680,0,5.1550,4.9221,,5.3880,2.64e-04,1.17
11690,0,3.4337,3.1315,,3.7359,2.64e-04,1.17
11700,0,4.8218,5.1307,,4.5129,2.64e-04,1.17
11710,0,1.9174,2.6092,,1.2255,2.64e-04,1.16
11720,0,2.9119,3.7713,,2.0526,2.64e-04,1.16
11730,0,1.8519,2.3282,,1.3757,2.63e-04,1.16
11740,0,3.3990,2.6351,,4.1629,2.63e-04,1.16
11750,0,5.4022,5.5040,,5.3004,2.63e-04,1.15
11760,0,4.4613,5.0504,,3.8722,2.63e-04,1.15
11770,0,3.4203,4.7140,,2.1265,2.63e-04,1.15
11780,0,4.1324,4.4862,,3.7785,2.63e-04,1.15
11790,0,3.4979,2.7386,,4.2572,2.63e-04,1.15
11800,0,4.9717,6.8203,,3.1230,2.63e-04,1.14
11810,0,5.3690,5.3813,,5.3568,2.63e-04,1.14
11820,0,4.6549,3.6004,,5.7095,2.63e-04,1.14
11830,0,4.8146,7.2021,,2.4271,2.63e-04,1.13
11840,0,4.2278,3.9668,,4.4888,2.63e-04,1.13
11850,0,3.3696,4.2522,,2.4871,2.63e-04,1.13
11860,0,3.7845,4.6629,,2.9061,2.63e-04,1.13
11870,0,3.5654,5.1280,,2.0027,2.63e-04,1.12
11880,0,5.3898,6.6367,,4.1429,2.63e-04,1.12
11890,0,3.3567,3.2729,,3.4406,2.62e-04,1.12
11900,0,5.5318,7.8236,,3.2401,2.62e-04,1.12
11910,0,3.9661,4.3273,,3.6049,2.62e-04,1.11
11920,0,2.8168,3.8452,,1.7884,2.62e-04,1.11
11930,0,5.5127,6.7090,,4.3164,2.62e-04,1.11
11940,0,4.3210,4.1986,,4.4433,2.62e-04,1.11
11950,0,2.2606,3.0182,,1.5029,2.62e-04,1.10
11960,0,4.7984,5.9324,,3.6644,2.62e-04,1.10
11970,0,3.2644,4.7962,,1.7327,2.62e-04,1.10
11980,0,4.0355,4.8156,,3.2554,2.62e-04,1.10
11990,0,2.9150,4.2671,,1.5629,2.62e-04,1.09
12000,0,2.6239,3.1532,,2.0947,2.62e-04,1.09
12010,0,5.2394,5.7032,,4.7756,2.62e-04,407.69
12020,0,4.6711,4.9825,,4.3598,2.62e-04,179.98
12030,0,4.6935,6.2404,,3.1465,2.62e-04,115.09
12040,0,4.1186,5.6627,,2.5745,2.62e-04,82.25
12050,0,3.4995,3.4515,,3.5474,2.61e-04,63.11
12060,0,2.4064,2.6501,,2.1627,2.61e-04,52.54
12070,0,4.8427,5.8619,,3.8236,2.61e-04,45.59
12080,0,3.5487,3.5161,,3.5812,2.61e-04,40.01
12090,0,5.5510,6.4852,,4.6168,2.61e-04,34.96
12100,0,4.7635,6.0046,,3.5224,2.61e-04,30.99
12110,0,3.7478,4.1837,,3.3120,2.61e-04,28.17
12120,0,4.9409,6.1253,,3.7564,2.61e-04,25.80
12130,0,5.0741,5.6837,,4.4645,2.61e-04,23.65
12140,0,4.5497,6.6710,,2.4285,2.61e-04,21.80
12150,0,4.6968,6.3388,,3.0548,2.61e-04,20.20
12160,0,5.3446,7.6651,,3.0241,2.61e-04,18.85
12170,0,3.7335,3.4228,,4.0443,2.61e-04,17.75
12180,0,3.2504,3.9801,,2.5207,2.61e-04,16.77
12190,0,4.6615,5.5415,,3.7815,2.61e-04,15.91
12200,0,2.3268,2.7869,,1.8667,2.61e-04,15.18
12210,0,4.2798,3.5022,,5.0573,2.60e-04,14.53
12220,0,4.7206,5.2648,,4.1765,2.60e-04,13.91
12230,0,4.8800,6.8506,,2.9093,2.60e-04,13.35
12240,0,4.2355,4.9314,,3.5397,2.60e-04,12.89
12250,0,4.3987,6.1200,,2.6775,2.60e-04,12.48
12260,0,5.0937,4.9844,,5.2030,2.60e-04,12.14
12270,0,3.3034,4.2227,,2.3841,2.60e-04,11.82
12280,0,2.4404,3.2169,,1.6639,2.60e-04,11.47
12290,0,4.8356,6.0738,,3.5975,2.60e-04,11.05
12300,0,5.4404,6.7134,,4.1675,2.60e-04,10.65
12310,0,4.9112,5.4672,,4.3552,2.60e-04,10.26
12320,0,5.3542,6.7748,,3.9336,2.60e-04,9.89
12330,0,5.1268,5.8696,,4.3840,2.60e-04,9.53
12340,0,4.8178,5.8123,,3.8232,2.60e-04,9.22
12350,0,3.6523,3.6647,,3.6398,2.60e-04,8.93
12360,0,4.5225,4.9028,,4.1422,2.59e-04,8.66
12370,0,2.8192,3.7523,,1.8862,2.59e-04,8.41
12380,0,4.5902,3.8285,,5.3518,2.59e-04,8.16
12390,0,4.7508,7.2564,,2.2452,2.59e-04,7.96
12400,0,5.1791,6.1454,,4.2129,2.59e-04,7.77
12410,0,3.0793,3.5810,,2.5776,2.59e-04,7.58
12420,0,3.9159,3.9805,,3.8512,2.59e-04,7.36
12430,0,5.0517,7.8532,,2.2502,2.59e-04,7.17
12440,0,4.1838,5.8937,,2.4738,2.59e-04,6.99
12450,0,4.4076,6.4378,,2.3774,2.59e-04,6.83
12460,0,4.1799,4.8785,,3.4812,2.59e-04,6.66
12470,0,4.3622,5.6020,,3.1224,2.59e-04,6.50
12480,0,4.2254,4.6782,,3.7726,2.59e-04,5.56
12490,0,2.9095,2.9971,,2.8220,2.59e-04,5.48
12500,0,6.1898,6.2707,,6.1089,2.59e-04,5.40
12510,0,4.6123,6.2787,,2.9460,2.58e-04,5.33
12520,0,2.2295,3.1268,,1.3323,2.58e-04,5.26
12530,0,4.2593,4.6816,,3.8370,2.58e-04,5.19
12540,0,3.1053,3.3838,,2.8268,2.58e-04,5.11
12550,0,3.6099,2.8874,,4.3324,2.58e-04,5.04
12560,0,4.9358,4.8535,,5.0180,2.58e-04,4.96
12570,0,4.3045,4.4579,,4.1511,2.58e-04,4.88
12580,0,6.0130,7.3735,,4.6525,2.58e-04,4.81
12590,0,4.0913,4.3046,,3.8781,2.58e-04,4.75
12600,0,5.3353,7.0440,,3.6265,2.58e-04,4.69
12610,0,3.3325,4.0256,,2.6394,2.58e-04,4.63
12620,0,2.8049,3.1326,,2.4773,2.58e-04,4.58
12630,0,4.1359,5.2269,,3.0449,2.58e-04,4.51
12640,0,3.8997,5.0920,,2.7075,2.58e-04,4.47
12650,0,5.3172,6.2064,,4.4279,2.58e-04,4.42
12660,0,4.9870,6.1199,,3.8541,2.58e-04,4.36
12670,0,3.9184,4.2737,,3.5632,2.57e-04,4.31
12680,0,4.8836,6.5806,,3.1865,2.57e-04,4.26
12690,0,4.9268,6.4851,,3.3685,2.57e-04,4.21
12700,0,4.9757,6.7130,,3.2384,2.57e-04,4.16
12710,0,3.9769,5.5884,,2.3653,8.57e-05,593.03
12720,0,4.5914,4.2342,,4.9487,8.57e-05,265.77
12730,0,4.0644,4.3816,,3.7471,8.57e-05,182.56
12740,0,3.3642,2.5106,,4.2177,8.57e-05,141.56
12750,0,4.8858,5.0959,,4.6756,8.56e-05,114.04
12760,0,4.0087,2.4957,,5.5218,8.56e-05,92.38
12770,0,2.7147,3.4741,,1.9552,8.56e-05,77.29
12780,0,2.3853,2.5731,,2.1975,8.56e-05,67.55
12790,0,5.5741,8.1791,,2.9690,8.55e-05,59.02
12800,0,3.5942,4.6980,,2.4904,8.55e-05,53.11
12810,0,3.9675,5.1906,,2.7444,8.55e-05,48.39
12820,0,4.5648,5.4132,,3.7163,8.55e-05,44.42
12830,0,4.6088,6.1629,,3.0547,8.55e-05,41.02
12840,0,4.8015,6.9876,,2.6154,8.54e-05,38.21
12850,0,3.9398,5.3134,,2.5662,8.54e-05,35.15
12860,0,2.6809,3.2882,,2.0736,8.54e-05,32.12
12870,0,2.4304,3.7143,,1.1465,8.54e-05,29.78
12880,0,4.5516,4.4503,,4.6529,8.53e-05,27.97
12890,0,4.7774,6.3282,,3.2267,8.53e-05,26.40
12900,0,4.8615,6.7638,,2.9592,8.53e-05,24.87
12910,0,3.7926,4.4966,,3.0886,8.53e-05,23.51
12920,0,4.1243,5.3944,,2.8542,8.53e-05,22.25
12930,0,4.1152,5.5463,,2.6840,8.52e-05,21.12
12940,0,4.4773,6.7031,,2.2515,8.52e-05,20.07
12950,0,3.9339,5.3391,,2.5287,8.52e-05,19.15
12960,0,3.5551,3.7137,,3.3965,8.52e-05,18.32
12970,0,5.1509,6.0711,,4.2308,8.51e-05,17.54
12980,0,3.7530,4.7054,,2.8006,8.51e-05,16.97
12990,0,4.0594,3.7000,,4.4188,8.51e-05,16.42
13000,0,4.8707,4.3482,,5.3932,8.51e-05,15.89
13010,0,2.5592,3.5147,,1.6037,8.51e-05,15.41
13020,0,5.0874,6.9710,,3.2039,8.50e-05,15.00
13030,0,4.8798,4.6131,,5.1464,8.50e-05,14.62
13040,0,1.5827,1.7687,,1.3968,8.50e-05,14.27
13050,0,4.4091,5.6702,,3.1480,8.50e-05,13.85
13060,0,4.5646,5.5451,,3.5841,8.49e-05,13.54
13070,0,3.0949,2.1762,,4.0136,8.49e-05,13.23
13080,0,4.8480,6.0686,,3.6275,8.49e-05,12.92
13090,0,3.3480,4.2395,,2.4566,8.49e-05,12.59
13100,0,5.0376,6.0958,,3.9795,8.48e-05,12.18
13110,0,4.3875,6.0768,,2.6982,8.48e-05,11.74
13120,0,4.0235,3.1526,,4.8944,8.48e-05,11.48
13130,0,4.4332,5.6825,,3.1839,8.48e-05,11.22
13140,0,4.1112,6.3260,,1.8963,8.48e-05,10.97
13150,0,4.9978,6.7639,,3.2317,8.47e-05,10.54
13160,0,3.6011,4.6142,,2.5880,8.47e-05,10.32
13170,0,2.7570,2.4378,,3.0762,8.47e-05,10.07
13180,0,3.4858,3.9333,,3.0382,8.47e-05,9.82
13190,0,3.9196,3.7521,,4.0870,8.46e-05,9.59
13200,0,4.0175,3.7810,,4.2540,8.46e-05,9.36
13210,0,5.2226,6.2532,,4.1920,8.46e-05,9.14
13220,0,2.6421,2.6703,,2.6140,8.46e-05,8.92
13230,0,2.6685,3.3165,,2.0206,8.45e-05,8.74
13240,0,5.0121,6.4271,,3.5971,8.45e-05,8.56
13250,0,3.6705,5.2610,,2.0800,8.45e-05,8.37
13260,0,4.5486,5.3729,,3.7242,8.45e-05,8.20
13270,0,3.5930,2.8466,,4.3393,8.45e-05,8.05
13280,0,3.0310,2.9240,,3.1380,8.44e-05,7.91
13290,0,3.3001,3.6288,,2.9713,8.44e-05,7.77
13300,0,4.3801,5.0225,,3.7377,8.44e-05,7.65
13310,0,5.4112,7.2151,,3.6073,8.44e-05,7.52
13320,0,5.5004,6.6323,,4.3684,8.43e-05,7.40
13330,0,3.3706,2.9879,,3.7534,8.43e-05,7.28
13340,0,4.9156,6.9317,,2.8995,8.43e-05,7.15
13350,0,4.3117,5.8193,,2.8042,8.43e-05,7.03
13360,0,4.6351,6.7507,,2.5195,8.43e-05,6.92
13370,0,4.1879,5.7707,,2.6052,8.42e-05,6.82
13380,0,3.4358,3.2673,,3.6043,8.42e-05,6.72
13390,0,4.3551,5.2940,,3.4161,8.42e-05,6.62
13400,0,3.8064,4.4820,,3.1307,8.42e-05,6.53
13410,0,4.2675,6.0733,,2.4617,8.41e-05,6.44
13420,0,4.1688,6.1317,,2.2059,8.41e-05,6.35
13430,0,5.1633,3.2365,,7.0901,8.41e-05,6.26
13440,0,4.2665,6.6485,,1.8844,8.41e-05,6.18
13450,0,2.8373,3.1101,,2.5645,8.40e-05,6.09
13460,0,2.1313,2.5134,,1.7493,8.40e-05,6.00
13470,0,4.4467,4.4554,,4.4379,8.40e-05,5.92
13480,0,5.5888,7.4855,,3.6921,8.40e-05,5.85
13490,0,4.8207,6.5968,,3.0447,8.39e-05,5.77
13500,0,5.0630,5.7932,,4.3329,8.39e-05,5.69
13510,0,4.3445,4.4771,,4.2119,8.39e-05,3.68
13520,0,5.0124,6.9425,,3.0823,8.39e-05,2.78
13530,0,3.5977,5.3869,,1.8086,8.39e-05,2.77
13540,0,3.8275,2.4777,,5.1773,8.38e-05,2.75
13550,0,3.9372,5.4839,,2.3905,8.38e-05,2.74
13560,0,4.5035,6.0400,,2.9669,8.38e-05,2.73
13570,0,6.1375,6.6760,,5.5990,8.38e-05,2.71
13580,0,2.1586,3.0173,,1.2998,8.37e-05,2.70
13590,0,3.6026,2.8749,,4.3303,8.37e-05,2.69
13600,0,4.3992,3.9726,,4.8258,8.37e-05,2.67
13610,0,3.9051,4.4255,,3.3846,8.37e-05,2.66
13620,0,4.9486,5.5798,,4.3173,8.36e-05,2.65
13630,0,1.3340,1.7851,,0.8830,8.36e-05,2.63
13640,0,3.0596,3.4091,,2.7102,8.36e-05,2.62
13650,0,3.7636,3.5184,,4.0087,8.36e-05,2.61
13660,0,4.1126,4.1331,,4.0921,8.36e-05,2.60
13670,0,3.5262,3.6512,,3.4012,8.35e-05,2.58
13680,0,3.6354,3.3559,,3.9150,8.35e-05,2.57
13690,0,4.5273,5.4919,,3.5628,8.35e-05,2.56
13700,0,4.5587,5.7981,,3.3193,8.35e-05,2.55
13710,0,2.4849,3.2812,,1.6886,8.34e-05,2.54
13720,0,3.3768,3.8827,,2.8710,8.34e-05,2.53
13730,0,4.7670,4.0228,,5.5111,8.34e-05,2.52
13740,0,2.9623,4.0721,,1.8525,8.34e-05,2.51
13750,0,2.9619,3.2042,,2.7195,8.33e-05,2.50
13760,0,5.0897,5.9305,,4.2489,8.33e-05,2.49
13770,0,3.1363,3.0180,,3.2546,8.33e-05,2.47
13780,0,3.7515,5.0706,,2.4323,8.33e-05,2.46
13790,0,3.7528,4.7947,,2.7108,8.32e-05,2.45
13800,0,4.6902,5.6040,,3.7763,8.32e-05,2.44
13810,0,5.5381,5.7875,,5.2888,8.32e-05,2.43
13820,0,5.0230,6.2129,,3.8332,8.32e-05,2.42
13830,0,4.3455,4.3224,,4.3685,8.31e-05,2.41
13840,0,4.5287,4.5998,,4.4576,8.31e-05,2.40
13850,0,4.2518,2.9920,,5.5116,8.31e-05,2.38
13860,0,3.5536,4.7115,,2.3958,8.31e-05,2.37
13870,0,4.1546,6.0729,,2.2363,8.31e-05,2.36
13880,0,4.6787,5.7036,,3.6539,8.30e-05,2.35
13890,0,4.9230,5.8561,,3.9900,8.30e-05,2.34
13900,0,3.2124,3.2755,,3.1493,8.30e-05,2.33
13910,0,3.6798,4.5553,,2.8042,8.30e-05,2.33
13920,0,4.7966,6.0761,,3.5171,8.29e-05,2.32
13930,0,3.7494,3.3462,,4.1525,8.29e-05,2.31
13940,0,2.8716,3.9855,,1.7577,8.29e-05,2.30
13950,0,4.8720,5.9886,,3.7553,8.29e-05,2.29
13960,0,3.2248,4.4492,,2.0004,8.28e-05,2.28
13970,0,1.9722,2.6618,,1.2825,8.28e-05,2.27
13980,0,3.4737,4.4710,,2.4764,8.28e-05,2.26
13990,0,3.5673,4.1142,,3.0203,8.28e-05,2.25
14000,0,4.7641,6.3065,,3.2217,8.27e-05,2.24
14010,0,4.9990,5.8756,,4.1223,8.27e-05,2.23
14020,0,5.4531,5.3561,,5.5502,8.27e-05,2.22
14030,0,3.3262,3.6947,,2.9577,8.27e-05,2.21
14040,0,4.5464,5.1065,,3.9864,8.26e-05,2.21
14050,0,3.7427,5.2266,,2.2588,8.26e-05,2.20
14060,0,4.8142,6.3820,,3.2463,8.26e-05,2.19
14070,0,4.3929,6.5400,,2.2458,8.26e-05,2.19
14080,0,5.1295,6.4559,,3.8031,8.26e-05,2.18
14090,0,2.6903,3.9689,,1.4117,8.25e-05,2.18
14100,0,5.9060,5.0414,,6.7705,8.25e-05,2.17
14110,0,2.6090,3.3639,,1.8540,8.25e-05,2.16
14120,0,4.6890,4.8344,,4.5437,8.25e-05,2.16
14130,0,3.6866,5.4204,,1.9529,8.24e-05,2.15
14140,0,4.5778,6.0936,,3.0620,8.24e-05,2.15
14150,0,4.3994,3.7395,,5.0594,8.24e-05,2.14
14160,0,4.2370,6.1282,,2.3458,8.24e-05,2.14
14170,0,4.4910,6.2694,,2.7126,8.23e-05,2.13
14180,0,5.8302,6.3512,,5.3093,8.23e-05,2.13
14190,0,2.7814,3.2990,,2.2638,8.23e-05,2.12
14200,0,4.8694,6.7410,,2.9978,8.23e-05,2.12
14210,0,4.7392,4.1204,,5.3579,8.22e-05,2.11
14220,0,3.2176,4.0439,,2.3913,8.22e-05,2.10
14230,0,4.8142,5.7681,,3.8603,8.22e-05,2.10
14240,0,4.8653,4.5709,,5.1598,8.22e-05,2.09
14250,0,5.0957,5.2120,,4.9793,8.21e-05,2.09
14260,0,3.4831,2.8679,,4.0983,8.21e-05,2.08
14270,0,3.0955,2.6030,,3.5880,8.21e-05,2.08
14280,0,3.4969,3.9610,,3.0328,8.21e-05,2.07
14290,0,4.2391,4.8452,,3.6329,8.20e-05,2.07
14300,0,2.4558,2.3968,,2.5149,8.20e-05,2.06
14310,0,3.5920,3.4875,,3.6966,8.20e-05,2.06
14320,0,4.0618,5.5459,,2.5778,8.20e-05,2.05
14330,0,3.7520,4.9594,,2.5446,8.19e-05,2.05
14340,0,3.9098,2.9814,,4.8382,8.19e-05,2.04
14350,0,5.1501,5.8601,,4.4400,8.19e-05,2.04
14360,0,2.5076,2.8895,,2.1256,8.19e-05,2.03
14370,0,2.1534,3.0175,,1.2894,8.18e-05,2.03
14380,0,4.5310,5.4741,,3.5880,8.18e-05,2.02
14390,0,4.0386,3.6839,,4.3933,8.18e-05,2.02
14400,0,4.6641,6.4028,,2.9254,8.18e-05,2.01
14410,0,3.9202,5.1120,,2.7284,8.17e-05,2.01
14420,0,3.9236,4.4277,,3.4194,8.17e-05,2.01
14430,0,3.5742,4.1652,,2.9832,8.17e-05,2.00
14440,0,3.9191,4.4894,,3.3489,8.17e-05,2.00
14450,0,3.1947,4.3560,,2.0335,8.17e-05,1.99
14460,0,4.6085,5.2704,,3.9467,8.16e-05,1.99
14470,0,3.7724,4.0673,,3.4774,8.16e-05,1.98
14480,0,4.7911,4.9502,,4.6319,8.16e-05,1.98
14490,0,4.5499,5.4937,,3.6061,8.16e-05,1.97
14500,0,4.4563,3.3055,,5.6070,8.15e-05,1.97
14510,0,3.1202,3.0426,,3.1977,8.15e-05,1.97
14520,0,4.5527,6.8525,,2.2528,8.15e-05,1.96
14530,0,5.8322,8.6595,,3.0049,8.15e-05,1.96
14540,0,2.0371,2.8663,,1.2079,8.14e-05,1.95
14550,0,5.1011,6.1438,,4.0585,8.14e-05,1.95
14560,0,3.1565,4.3222,,1.9908,8.14e-05,1.94
14570,0,5.3272,6.3612,,4.2932,8.14e-05,1.94
14580,0,4.9846,6.9088,,3.0604,8.13e-05,1.93
14590,0,5.0350,5.0616,,5.0083,8.13e-05,1.93
14600,0,5.0034,5.6387,,4.3681,8.13e-05,1.92
14610,0,3.9611,5.5003,,2.4220,8.13e-05,1.92
14620,0,2.1016,3.1560,,1.0473,8.12e-05,1.91
14630,0,5.3013,7.0096,,3.5930,8.12e-05,1.91
14640,0,3.1738,3.8583,,2.4893,8.12e-05,1.90
14650,0,3.6735,4.8137,,2.5333,8.12e-05,1.90
14660,0,5.1212,6.3753,,3.8671,8.11e-05,1.89
14670,0,4.6816,4.8166,,4.5465,8.11e-05,1.89
14680,0,4.0150,3.7557,,4.2743,8.11e-05,1.89
14690,0,4.6293,5.1338,,4.1248,8.11e-05,1.88
14700,0,2.5763,3.1334,,2.0192,8.10e-05,1.88
14710,0,5.3223,5.6239,,5.0207,8.10e-05,1.88
14720,0,3.9935,5.3882,,2.5988,8.10e-05,1.87
14730,0,4.2256,5.7252,,2.7260,8.10e-05,1.87
14740,0,3.9757,6.0328,,1.9187,8.09e-05,1.87
14750,0,4.9713,4.6958,,5.2468,8.09e-05,1.86
14760,0,3.7989,4.4426,,3.1551,8.09e-05,1.86
14770,0,2.0339,2.8910,,1.1767,8.09e-05,1.85
14780,0,5.4462,5.0480,,5.8444,8.08e-05,1.85
14790,0,4.4497,4.9238,,3.9757,8.08e-05,1.84
14800,0,2.5352,3.4078,,1.6625,8.08e-05,1.84
14810,0,2.9112,3.5918,,2.2306,8.08e-05,1.83
14820,0,5.9180,7.8426,,3.9934,8.07e-05,1.83
14830,0,3.3727,3.4020,,3.3434,8.07e-05,1.82
14840,0,3.9732,3.5871,,4.3594,8.07e-05,1.82
14850,0,4.2292,4.9581,,3.5004,8.07e-05,1.81
14860,0,3.9729,6.0582,,1.8875,8.06e-05,1.81
14870,0,4.8038,5.8326,,3.7750,8.06e-05,1.80
14880,0,4.3043,4.0687,,4.5400,8.06e-05,1.80
14890,0,4.4099,4.9837,,3.8361,8.06e-05,1.79
14900,0,2.1705,2.5147,,1.8264,8.05e-05,1.79
14910,0,4.9066,7.1160,,2.6973,8.05e-05,1.78
14920,0,4.4210,5.1637,,3.6784,8.05e-05,1.78
14930,0,2.9943,3.2557,,2.7330,8.05e-05,1.77
14940,0,4.5088,5.0254,,3.9923,8.04e-05,1.76
14950,0,3.1256,4.3909,,1.8603,8.04e-05,1.75
14960,0,2.3370,2.8053,,1.8686,8.04e-05,1.75
14970,0,4.1722,5.1046,,3.2397,8.04e-05,1.74
14980,0,4.1027,5.4176,,2.7877,8.03e-05,1.73
14990,0,3.7278,4.7548,,2.7008,8.03e-05,1.72
15000,0,4.4644,5.6459,,3.2828,8.03e-05,1.72
15010,0,4.4515,4.2804,,4.6226,8.03e-05,1.71
15020,0,3.5339,4.5548,,2.5130,8.02e-05,1.71
15030,0,4.0546,5.2630,,2.8463,8.02e-05,1.70
15040,0,3.6818,3.7333,,3.6304,8.02e-05,1.70
15050,0,3.5076,4.2759,,2.7393,8.02e-05,1.69
15060,0,1.9186,2.7276,,1.1096,8.01e-05,1.69
15070,0,4.5263,4.6538,,4.3988,8.01e-05,1.68
15080,0,2.4202,3.5477,,1.2928,8.01e-05,1.68
15090,0,5.6439,7.3414,,3.9464,8.01e-05,1.68
15100,0,4.4772,4.0252,,4.9293,8.00e-05,1.67
15110,0,2.4461,3.2633,,1.6289,8.00e-05,1.67
15120,0,4.1613,4.7347,,3.5880,8.00e-05,1.67
15130,0,3.4018,3.1387,,3.6650,8.00e-05,1.66
15140,0,3.9435,5.3397,,2.5473,7.99e-05,1.66
15150,0,2.7707,3.5401,,2.0014,7.99e-05,1.66
15160,0,2.3713,2.8217,,1.9209,7.99e-05,1.65
15170,0,4.9749,6.3306,,3.6191,7.98e-05,1.65
15180,0,3.8839,5.5974,,2.1704,7.98e-05,1.64
15190,0,3.5362,4.8152,,2.2573,7.98e-05,1.64
15200,0,4.2455,4.9258,,3.5652,7.98e-05,1.64
15210,0,4.7930,6.7482,,2.8379,7.97e-05,1.63
15220,0,3.8843,4.3490,,3.4196,7.97e-05,1.63
15230,0,3.3826,4.3654,,2.3998,7.97e-05,1.62
15240,0,2.9347,4.3714,,1.4980,7.97e-05,1.62
15250,0,5.1604,6.6209,,3.6999,7.96e-05,1.62
15260,0,4.2136,6.4143,,2.0128,7.96e-05,1.61
15270,0,2.5789,3.9249,,1.2329,7.96e-05,1.61
15280,0,3.2027,4.3124,,2.0931,7.96e-05,1.60
15290,0,5.1739,6.5521,,3.7957,7.95e-05,1.60
15300,0,3.2424,2.6690,,3.8158,7.95e-05,1.60
15310,0,3.4052,4.6825,,2.1280,7.95e-05,1.59
15320,0,3.2277,4.2471,,2.2083,7.95e-05,1.59
15330,0,4.7456,7.1573,,2.3340,7.94e-05,1.58
15340,0,4.7391,5.7040,,3.7742,7.94e-05,1.58
15350,0,4.9672,5.7690,,4.1653,7.94e-05,1.58
15360,0,3.6594,4.8474,,2.4713,7.94e-05,1.57
15370,0,2.4197,3.1799,,1.6594,7.93e-05,1.57
15380,0,3.5275,5.2793,,1.7758,7.93e-05,1.57
15390,0,3.8883,2.8403,,4.9363,7.93e-05,1.56
15400,0,4.4773,6.1148,,2.8397,7.93e-05,1.56
15410,0,3.7204,3.4525,,3.9883,7.92e-05,1.56
15420,0,5.7549,7.0332,,4.4765,7.92e-05,1.55
15430,0,4.5763,5.9799,,3.1727,7.92e-05,1.55
15440,0,4.1481,4.7953,,3.5009,7.92e-05,1.55
15450,0,3.3322,3.0967,,3.5676,7.91e-05,1.54
15460,0,1.6451,2.2108,,1.0793,7.91e-05,1.54
15470,0,4.3229,5.0714,,3.5743,7.91e-05,1.54
15480,0,5.3808,5.4953,,5.2662,7.91e-05,1.53
15490,0,3.8341,4.3623,,3.3059,7.90e-05,1.53
15500,0,4.5933,6.2171,,2.9695,7.90e-05,1.53
15510,0,4.9388,7.3104,,2.5671,7.90e-05,1.52
15520,0,3.5770,3.8100,,3.3440,7.90e-05,1.52
15530,0,5.3435,6.7402,,3.9468,7.89e-05,1.52
15540,0,4.1763,5.1348,,3.2178,7.89e-05,1.51
15550,0,3.5314,4.1810,,2.8819,7.89e-05,1.51
15560,0,4.2401,6.4489,,2.0312,7.88e-05,1.51
15570,0,2.5797,2.3348,,2.8247,7.88e-05,1.50
15580,0,3.3423,3.2679,,3.4167,7.88e-05,1.50
15590,0,3.0722,2.6655,,3.4788,7.88e-05,1.50
15600,0,3.3086,4.1302,,2.4869,7.87e-05,1.50
15610,0,3.8241,5.6856,,1.9626,7.87e-05,1.49
15620,0,2.6627,3.5468,,1.7785,7.87e-05,1.49
15630,0,5.0978,4.7545,,5.4412,7.87e-05,1.49
15640,0,3.9118,3.0408,,4.7828,7.86e-05,1.48
15650,0,4.4305,5.7842,,3.0767,7.86e-05,1.48
15660,0,4.0345,4.4292,,3.6398,7.86e-05,1.48
15670,0,4.4535,5.9799,,2.9272,7.86e-05,1.47
15680,0,4.5223,5.1409,,3.9037,7.85e-05,1.47
15690,0,3.0382,4.0218,,2.0547,7.85e-05,1.47
15700,0,4.9101,5.9957,,3.8246,7.85e-05,1.47
15710,0,3.2572,3.8181,,2.6962,7.85e-05,1.46
15720,0,4.9206,5.0383,,4.8030,7.84e-05,1.46
15730,0,4.4397,6.8364,,2.0430,7.84e-05,1.46
15740,0,5.4264,5.4909,,5.3619,7.84e-05,1.45
15750,0,4.6777,6.2249,,3.1304,7.84e-05,1.45
15760,0,5.0845,6.4852,,3.6839,7.83e-05,1.45
15770,0,4.3448,6.3803,,2.3092,7.83e-05,1.44
15780,0,2.7039,1.8439,,3.5638,7.83e-05,1.44
15790,0,3.3444,2.8771,,3.8117,7.82e-05,1.44
15800,0,2.8352,2.9467,,2.7237,7.82e-05,1.44
15810,0,4.8498,2.5896,,7.1099,7.82e-05,1.44
15820,0,3.5281,2.5049,,4.5514,7.82e-05,1.43
15830,0,4.0062,5.5590,,2.4534,7.81e-05,1.43
15840,0,3.1654,3.4527,,2.8782,7.81e-05,1.43
15850,0,5.0232,4.9401,,5.1064,7.81e-05,1.43
15860,0,4.0224,2.7741,,5.2706,7.81e-05,1.42
15870,0,5.4556,5.2362,,5.6750,7.80e-05,1.42
15880,0,6.0204,6.4671,,5.5737,7.80e-05,1.42
15890,0,4.5926,6.4025,,2.7827,7.80e-05,1.42
15900,0,2.2325,2.7690,,1.6961,7.80e-05,1.42
15910,0,3.5096,4.0750,,2.9441,7.79e-05,1.41
15920,0,4.9180,5.9344,,3.9015,7.79e-05,1.41
15930,0,5.1113,6.1700,,4.0527,7.79e-05,1.41
15940,0,4.1848,5.1698,,3.1999,7.79e-05,1.41
15950,0,4.8947,6.5528,,3.2367,7.78e-05,1.40
15960,0,4.4900,5.0094,,3.9706,7.78e-05,1.40
15970,0,5.2434,6.0328,,4.4540,7.78e-05,1.40
15980,0,3.6732,5.4275,,1.9189,7.77e-05,1.40
15990,0,4.4711,5.3897,,3.5526,7.77e-05,1.39
16000,0,2.5230,3.0763,,1.9697,7.77e-05,1.39
16010,0,3.8411,5.1546,,2.5276,7.77e-05,1.39
16020,0,4.1868,4.9034,,3.4703,7.76e-05,1.39
16030,0,4.2649,4.6527,,3.8770,7.76e-05,1.38
16040,0,3.6781,3.3405,,4.0157,7.76e-05,1.38
16050,0,4.6350,6.2684,,3.0016,7.76e-05,1.38
16060,0,4.2572,5.3280,,3.1864,7.75e-05,1.38
16070,0,4.3530,5.2231,,3.4828,7.75e-05,1.38
16080,0,3.9679,5.0916,,2.8442,7.75e-05,1.37
16090,0,4.1692,3.9970,,4.3413,7.75e-05,1.37
16100,0,4.2927,6.1104,,2.4751,7.74e-05,1.37
16110,0,4.1855,6.6544,,1.7166,7.74e-05,1.37
16120,0,4.6658,6.3252,,3.0064,7.74e-05,1.36
16130,0,3.3915,3.3037,,3.4794,7.74e-05,1.36
16140,0,4.6018,3.4807,,5.7230,7.73e-05,1.36
16150,0,3.3222,4.5733,,2.0710,7.73e-05,1.36
16160,0,5.0967,6.8232,,3.3701,7.73e-05,1.36
16170,0,4.9097,6.7121,,3.1073,7.72e-05,1.35
16180,0,4.7636,4.9305,,4.5968,7.72e-05,1.35
16190,0,3.5113,5.1389,,1.8836,7.72e-05,1.35
16200,0,3.8767,5.8921,,1.8613,7.72e-05,1.35
16210,0,5.6233,6.3745,,4.8720,7.71e-05,1.34
16220,0,4.7986,6.1833,,3.4138,7.71e-05,1.34
16230,0,4.7276,5.8591,,3.5961,7.71e-05,1.34
16240,0,4.2457,5.2197,,3.2716,7.71e-05,1.34
16250,0,3.7880,4.1895,,3.3866,7.70e-05,1.34
16260,0,4.2907,6.3439,,2.2375,7.70e-05,1.33
16270,0,3.4834,2.6524,,4.3143,7.70e-05,1.33
16280,0,3.8756,5.6332,,2.1181,7.70e-05,1.33
16290,0,3.1134,3.6915,,2.5352,7.69e-05,1.33
16300,0,4.5970,5.3766,,3.8173,7.69e-05,1.33
16310,0,4.2880,4.8125,,3.7635,7.69e-05,1.32
16320,0,2.7683,3.2855,,2.2512,7.68e-05,1.32
16330,0,3.4036,3.2768,,3.5304,7.68e-05,1.32
16340,0,5.9880,3.1949,,8.7810,7.68e-05,1.32
16350,0,4.8039,5.1765,,4.4312,7.68e-05,1.32
16360,0,2.7367,3.6580,,1.8154,7.67e-05,1.31
16370,0,4.8797,5.2152,,4.5442,7.67e-05,1.31
16380,0,3.5965,4.0910,,3.1021,7.67e-05,1.31
16390,0,2.6459,3.5464,,1.7454,7.67e-05,1.31
16400,0,5.1850,6.5872,,3.7827,7.66e-05,1.31
16410,0,4.9954,6.1990,,3.7918,7.66e-05,1.30
16420,0,3.1426,2.4277,,3.8575,7.66e-05,1.30
16430,0,5.4571,5.6685,,5.2458,7.65e-05,1.30
16440,0,4.6902,5.7825,,3.5980,7.65e-05,1.30
16450,0,5.1796,6.5578,,3.8014,7.65e-05,1.30
16460,0,3.0396,2.7400,,3.3392,7.65e-05,1.29
16470,0,1.3616,1.8568,,0.8664,7.64e-05,1.29
16480,0,4.9389,5.7378,,4.1401,7.64e-05,1.29
16490,0,2.7142,3.6951,,1.7333,7.64e-05,1.29
16500,0,3.6859,4.3003,,3.0716,7.64e-05,1.29
16510,0,3.7496,4.7043,,2.7949,7.63e-05,1.29
16520,0,4.2226,4.0528,,4.3925,7.63e-05,1.28
16530,0,4.4707,5.8962,,3.0453,7.63e-05,1.28
16540,0,3.7978,5.2762,,2.3194,7.63e-05,1.28
16550,0,7.1201,8.8584,,5.3817,7.62e-05,1.28
16560,0,4.7412,5.3318,,4.1505,7.62e-05,1.28
16570,0,4.9945,5.5743,,4.4147,7.62e-05,1.28
16580,0,2.7946,3.3092,,2.2799,7.61e-05,1.28
16590,0,3.1366,3.3014,,2.9718,7.61e-05,1.27
16600,0,4.0544,5.1701,,2.9387,7.61e-05,1.27
16610,0,1.8573,2.2779,,1.4368,7.61e-05,1.27
16620,0,4.8656,7.0520,,2.6792,7.60e-05,1.27
16630,0,4.1475,5.0874,,3.2076,7.60e-05,1.27
16640,0,4.9193,4.4974,,5.3411,7.60e-05,1.27
16650,0,4.4902,6.3735,,2.6069,7.60e-05,1.26
16660,0,4.1680,6.4145,,1.9215,7.59e-05,1.26
16670,0,4.1618,5.7428,,2.5808,7.59e-05,1.26
16680,0,3.5400,3.5012,,3.5788,7.59e-05,1.26
16690,0,4.2845,4.9142,,3.6548,7.58e-05,1.26
16700,0,3.4731,4.0561,,2.8900,7.58e-05,1.26
16710,0,3.1595,3.5908,,2.7282,7.58e-05,1.26
16720,0,4.5288,6.6704,,2.3872,7.58e-05,1.25
16730,0,4.6096,5.6136,,3.6056,7.57e-05,1.25
16740,0,4.4983,6.7367,,2.2599,7.57e-05,1.25
16750,0,4.6192,4.9481,,4.2903,7.57e-05,1.25
16760,0,4.6080,5.0431,,4.1729,7.57e-05,1.25
16770,0,4.4184,4.4671,,4.3696,7.56e-05,1.25
16780,0,4.2736,6.0081,,2.5391,7.56e-05,1.25
16790,0,3.6682,4.1519,,3.1844,7.56e-05,1.24
16800,0,4.3478,6.2771,,2.4186,7.55e-05,1.24
16810,0,4.4961,5.8119,,3.1803,7.55e-05,1.24
16820,0,2.7544,3.2927,,2.2160,7.55e-05,1.24
16830,0,4.6260,6.4871,,2.7649,7.55e-05,1.24
16840,0,3.8567,2.9576,,4.7557,7.54e-05,1.24
16850,0,3.8008,5.1890,,2.4126,7.54e-05,1.24
16860,0,4.5523,5.6575,,3.4471,7.54e-05,1.23
16870,0,3.3491,3.3507,,3.3475,7.54e-05,1.23
16880,0,2.9052,1.9607,,3.8497,7.53e-05,1.23
16890,0,4.6240,6.4596,,2.7884,7.53e-05,1.23
16900,0,4.4281,3.7940,,5.0623,7.53e-05,1.23
16910,0,4.3751,4.8300,,3.9203,7.52e-05,1.23
16920,0,3.5316,4.5419,,2.5214,7.52e-05,1.23
16930,0,5.1262,6.9970,,3.2554,7.52e-05,1.22
16940,0,4.7868,5.9550,,3.6185,7.52e-05,1.22
16950,0,4.5361,5.0538,,4.0183,7.51e-05,1.22
16960,0,5.3411,5.8122,,4.8700,7.51e-05,1.22
16970,0,4.1291,5.7368,,2.5214,7.51e-05,1.22
16980,0,2.9587,2.8617,,3.0556,7.51e-05,1.22
16990,0,3.9770,6.0373,,1.9168,7.50e-05,1.22
17000,0,3.5309,3.2674,,3.7944,7.50e-05,1.22
17010,0,5.9292,5.5354,,6.3230,7.50e-05,1.21
17020,0,5.6469,5.7212,,5.5726,7.49e-05,1.21
17030,0,3.3195,3.3812,,3.2578,7.49e-05,1.21
17040,0,4.6379,6.4009,,2.8750,7.49e-05,1.21
17050,0,3.6794,4.5505,,2.8083,7.49e-05,1.21
17060,0,3.2110,4.4290,,1.9929,7.48e-05,1.21
17070,0,3.5623,5.1645,,1.9601,7.48e-05,1.21
17080,0,3.0626,2.9370,,3.1882,7.48e-05,1.21
17090,0,2.7294,4.2490,,1.2099,7.48e-05,1.20
17100,0,4.6449,5.7575,,3.5323,7.47e-05,1.20
17110,0,4.2732,5.2611,,3.2853,7.47e-05,1.20
17120,0,3.9333,4.0458,,3.8209,7.47e-05,1.20
17130,0,3.9753,4.1353,,3.8153,7.46e-05,1.20
17140,0,4.8801,7.3203,,2.4398,7.46e-05,1.20
17150,0,3.8290,4.7461,,2.9120,7.46e-05,1.20
17160,0,3.7430,3.7778,,3.7083,7.46e-05,1.20
17170,0,3.2232,3.4918,,2.9547,7.45e-05,1.19
17180,0,5.1806,5.4374,,4.9239,7.45e-05,1.19
17190,0,3.9448,5.0207,,2.8688,7.45e-05,1.19
17200,0,4.2978,4.7143,,3.8814,7.44e-05,1.19
17210,0,3.2315,4.2280,,2.2351,7.44e-05,1.19
17220,0,5.7008,6.2897,,5.1119,7.44e-05,1.19
17230,0,2.8435,4.0459,,1.6411,7.44e-05,1.19
17240,0,3.5993,4.6902,,2.5085,7.43e-05,1.19
17250,0,3.9957,3.8782,,4.1133,7.43e-05,1.18
17260,0,5.3206,6.1528,,4.4884,7.43e-05,1.18
17270,0,4.2385,5.4252,,3.0518,7.43e-05,1.18
17280,0,6.3346,7.6677,,5.0015,7.42e-05,1.18
17290,0,4.3348,6.3702,,2.2994,7.42e-05,1.18
17300,0,4.8982,5.5397,,4.2567,7.42e-05,1.18
17310,0,5.1001,5.6605,,4.5397,7.41e-05,1.18
17320,0,4.1618,5.0136,,3.3099,7.41e-05,1.18
17330,0,3.0785,2.8268,,3.3303,7.41e-05,1.17
17340,0,2.5837,3.6663,,1.5011,7.41e-05,1.17
17350,0,3.8690,5.5084,,2.2295,7.40e-05,1.17
17360,0,4.0336,4.9269,,3.1402,7.40e-05,1.17
17370,0,3.5421,3.8356,,3.2485,7.40e-05,1.17
17380,0,4.1727,2.9733,,5.3721,7.39e-05,1.17
17390,0,3.9757,4.0828,,3.8686,7.39e-05,1.17
17400,0,6.3165,8.8014,,3.8316,7.39e-05,1.17
17410,0,4.3333,4.8500,,3.8166,7.39e-05,1.17
17420,0,3.0986,3.5400,,2.6572,7.38e-05,1.16
17430,0,3.5664,4.1481,,2.9846,7.38e-05,1.16
17440,0,3.7776,3.7323,,3.8230,7.38e-05,1.16
17450,0,3.8365,4.3949,,3.2781,7.38e-05,1.16
17460,0,4.4174,6.1829,,2.6519,7.37e-05,1.16
17470,0,4.9634,5.0085,,4.9184,7.37e-05,1.16
17480,0,4.3271,5.4933,,3.1610,7.37e-05,1.16
17490,0,2.9025,3.7567,,2.0482,7.36e-05,1.16
17500,0,3.0271,3.4688,,2.5853,7.36e-05,1.16
17510,0,3.0619,2.5870,,3.5369,2.21e-05,724.89
17520,0,3.4307,2.8131,,4.0483,2.21e-05,372.91
17530,0,5.7421,5.6952,,5.7890,2.21e-05,252.69
17540,0,5.8796,5.4414,,6.3179,2.21e-05,189.33
17550,0,3.6690,5.0580,,2.2799,2.20e-05,152.37
17560,0,3.9877,4.5258,,3.4497,2.20e-05,130.27
17570,0,5.0139,5.1158,,4.9119,2.20e-05,106.61
17580,0,4.5284,4.9573,,4.0995,2.20e-05,92.02
17590,0,4.0760,4.5344,,3.6177,2.20e-05,79.15
17600,0,4.4149,5.8342,,2.9956,2.20e-05,70.08
17610,0,3.2563,3.7245,,2.7881,2.20e-05,62.25
17620,0,3.2014,3.2013,,3.2014,2.20e-05,56.38
17630,0,5.5049,6.5810,,4.4287,2.20e-05,51.77
17640,0,3.3262,4.9410,,1.7115,2.20e-05,47.96
17650,0,3.0210,3.1620,,2.8800,2.20e-05,44.80
17660,0,4.4369,5.2312,,3.6426,2.19e-05,42.18
17670,0,4.3426,6.0669,,2.6184,2.19e-05,39.91
17680,0,2.8289,3.4915,,2.1663,2.19e-05,37.94
17690,0,4.5963,4.8578,,4.3348,2.19e-05,36.00
17700,0,4.1104,4.2579,,3.9629,2.19e-05,34.07
17710,0,4.3757,4.9861,,3.7654,2.19e-05,32.37
17720,0,4.5022,5.4728,,3.5316,2.19e-05,31.00
17730,0,4.8352,4.7663,,4.9042,2.19e-05,29.76
17740,0,1.9801,2.2740,,1.6863,2.19e-05,28.54
17750,0,2.7490,3.3887,,2.1094,2.19e-05,27.39
17760,0,4.3310,5.4085,,3.2536,2.19e-05,26.21
17770,0,4.5382,5.6940,,3.3824,2.19e-05,25.25
17780,0,3.4583,3.0120,,3.9046,2.18e-05,24.61
17790,0,2.9136,2.5932,,3.2341,2.18e-05,24.01
17800,0,3.3026,4.1898,,2.4154,2.18e-05,23.22
17810,0,1.9868,2.6821,,1.2914,2.18e-05,22.38
17820,0,4.6154,5.8905,,3.3403,2.18e-05,21.56
17830,0,5.0757,5.3433,,4.8080,2.18e-05,20.83
17840,0,3.6695,4.1890,,3.1501,2.18e-05,20.12
17850,0,4.0966,4.2119,,3.9814,2.18e-05,19.54
17860,0,4.5403,5.8961,,3.1845,2.18e-05,19.17
17870,0,3.6804,4.8470,,2.5138,2.18e-05,18.60
17880,0,4.0936,5.8879,,2.2993,2.18e-05,18.11
17890,0,4.2580,2.8451,,5.6709,2.18e-05,17.65
17900,0,4.2276,3.2370,,5.2182,2.17e-05,17.21
17910,0,5.1631,6.4722,,3.8540,2.17e-05,16.81
17920,0,2.7929,3.5996,,1.9862,2.17e-05,16.35
17930,0,3.8331,3.2430,,4.4232,2.17e-05,15.94
17940,0,4.2239,5.4836,,2.9642,2.17e-05,15.36
17950,0,5.9794,6.7536,,5.2051,2.17e-05,15.01
17960,0,5.2893,6.6308,,3.9478,2.17e-05,14.73
17970,0,4.2731,5.2828,,3.2635,2.17e-05,14.46
17980,0,2.6459,3.6755,,1.6163,2.17e-05,14.19
17990,0,4.0560,5.5484,,2.5636,2.17e-05,13.93
18000,0,2.1097,2.6306,,1.5888,2.17e-05,13.64
18010,0,1.9837,2.7126,,1.2548,2.17e-05,13.37
18020,0,2.6317,3.7074,,1.5560,2.16e-05,13.15
18030,0,4.4545,5.6242,,3.2848,2.16e-05,12.96
18040,0,3.8177,5.5070,,2.1284,2.16e-05,12.73
18050,0,3.1322,4.4891,,1.7753,2.16e-05,12.50
18060,0,2.7595,3.9622,,1.5568,2.16e-05,12.27
18070,0,4.8985,6.0697,,3.7273,2.16e-05,12.06
18080,0,4.6153,5.4975,,3.7331,2.16e-05,11.79
18090,0,1.9891,2.6274,,1.3508,2.16e-05,11.53
18100,0,3.4781,4.2518,,2.7044,2.16e-05,11.36
18110,0,2.8162,3.7013,,1.9311,2.16e-05,11.06
18120,0,4.0478,5.7196,,2.3760,2.16e-05,10.92
18130,0,2.4647,2.8604,,2.0691,2.15e-05,10.79
18140,0,2.7163,3.6446,,1.7881,2.15e-05,10.64
18150,0,4.6582,5.9485,,3.3680,2.15e-05,10.49
18160,0,3.2094,4.3321,,2.0868,2.15e-05,10.35
18170,0,2.8592,3.8032,,1.9152,2.15e-05,10.21
18180,0,2.8537,4.2663,,1.4411,2.15e-05,10.08
18190,0,3.5667,3.6721,,3.4614,2.15e-05,9.95
18200,0,3.5750,4.3672,,2.7828,2.15e-05,9.84
18210,0,4.2343,3.0801,,5.3885,2.15e-05,9.74
18220,0,3.5112,5.0187,,2.0036,2.15e-05,9.64
18230,0,5.3202,6.0042,,4.6363,2.15e-05,9.51
18240,0,3.3859,4.5608,,2.2111,2.15e-05,9.38
18250,0,4.1174,5.7468,,2.4880,2.14e-05,9.25
18260,0,2.6815,3.4868,,1.8762,2.14e-05,9.16
18270,0,3.8216,4.9709,,2.6723,2.14e-05,9.06
18280,0,3.9069,4.7303,,3.0836,2.14e-05,8.96
18290,0,3.7973,4.5907,,3.0039,2.14e-05,8.87
18300,0,4.7334,5.6786,,3.7881,2.14e-05,8.79
18310,0,3.3802,2.9919,,3.7684,2.14e-05,8.71
18320,0,3.5825,4.5785,,2.5866,2.14e-05,8.62
18330,0,3.5926,4.5022,,2.6829,2.14e-05,8.52
18340,0,4.4066,6.4169,,2.3964,2.14e-05,8.42
18350,0,5.8551,6.6668,,5.0435,2.14e-05,8.34
18360,0,5.0556,6.2576,,3.8536,2.14e-05,8.26
18370,0,2.7851,2.7692,,2.8011,2.13e-05,8.18
18380,0,4.0833,2.7682,,5.3984,2.13e-05,8.09
18390,0,4.9536,5.1980,,4.7092,2.13e-05,8.02
18400,0,4.5745,6.0751,,3.0738,2.13e-05,7.93
18410,0,4.2997,4.8268,,3.7727,2.13e-05,7.86
18420,0,5.1056,6.6116,,3.5997,2.13e-05,7.79
18430,0,4.3507,5.9269,,2.7744,2.13e-05,7.72
18440,0,3.9412,5.5651,,2.3173,2.13e-05,7.67
18450,0,4.3808,3.6833,,5.0783,2.13e-05,7.60
18460,0,4.9446,7.5573,,2.3320,2.13e-05,7.54
18470,0,4.8180,6.0418,,3.5941,2.13e-05,7.46
18480,0,3.6817,3.2262,,4.1373,2.12e-05,7.40
18490,0,1.8181,2.3106,,1.3257,2.12e-05,7.35
18500,0,3.4578,4.4773,,2.4382,2.12e-05,7.29
18510,0,4.0558,5.8171,,2.2944,2.12e-05,7.23
18520,0,5.8711,4.7587,,6.9835,2.12e-05,7.15
18530,0,3.7413,4.8666,,2.6160,2.12e-05,7.07
18540,0,3.1982,4.2733,,2.1231,2.12e-05,6.99
18550,0,4.6873,6.3042,,3.0704,2.12e-05,6.92
18560,0,3.1681,3.1947,,3.1416,2.12e-05,6.84
18570,0,1.9545,2.4822,,1.4268,2.12e-05,6.77
18580,0,5.3771,5.7866,,4.9677,2.12e-05,6.70
18590,0,3.7305,5.1305,,2.3304,2.12e-05,6.62
18600,0,4.0933,2.9378,,5.2487,2.11e-05,6.56
18610,0,2.0065,2.9507,,1.0624,2.11e-05,6.51
18620,0,5.1872,7.4363,,2.9381,2.11e-05,6.46
18630,0,4.0501,6.3510,,1.7493,2.11e-05,6.40
18640,0,4.7511,5.1371,,4.3651,2.11e-05,6.35
18650,0,3.6581,5.4787,,1.8375,2.11e-05,6.29
18660,0,3.2447,4.8040,,1.6854,2.11e-05,6.20
18670,0,4.1596,4.6335,,3.6857,2.11e-05,6.15
18680,0,4.1071,5.3871,,2.8271,2.11e-05,6.12
18690,0,5.1680,6.2924,,4.0436,2.11e-05,6.08
18700,0,5.7290,3.9954,,7.4626,2.11e-05,6.03
18710,0,4.8777,5.6837,,4.0717,7.02e-06,733.71
18720,0,4.7410,5.7444,,3.7377,7.01e-06,359.28
18730,0,3.6400,3.0775,,4.2024,7.01e-06,237.57
18740,0,4.2961,5.5844,,3.0078,7.01e-06,179.61
18750,0,3.9088,3.5144,,4.3032,7.00e-06,144.74
18760,0,4.3790,4.0901,,4.6678,7.00e-06,125.48
18770,0,3.2201,4.1011,,2.3391,7.00e-06,108.43
18780,0,4.3618,4.8209,,3.9028,7.00e-06,92.92
18790,0,4.4342,6.4637,,2.4047,6.99e-06,81.96
18800,0,4.7158,5.3436,,4.0880,6.99e-06,73.68
18810,0,4.9805,3.4693,,6.4917,6.99e-06,68.42
18820,0,4.8372,5.8215,,3.8528,6.98e-06,63.47
18830,0,5.5415,6.2974,,4.7856,6.98e-06,58.31
18840,0,3.9637,5.3437,,2.5837,6.98e-06,53.86
18850,0,4.4858,5.9013,,3.0703,6.98e-06,50.13
18860,0,5.2378,4.4707,,6.0048,6.97e-06,46.44
18870,0,1.4568,1.8982,,1.0155,6.97e-06,43.08
18880,0,4.3078,5.3223,,3.2933,6.97e-06,40.78
18890,0,3.5067,4.2309,,2.7825,6.96e-06,39.14
18900,0,4.2321,5.9721,,2.4922,6.96e-06,37.05
18910,0,3.9104,4.8204,,3.0005,6.96e-06,35.21
18920,0,4.2098,4.9661,,3.4535,6.96e-06,33.93
18930,0,1.9648,2.8471,,1.0825,6.95e-06,32.77
18940,0,4.1667,6.0700,,2.2635,6.95e-06,31.73
18950,0,3.9355,4.9672,,2.9039,6.95e-06,30.35
18960,0,4.9070,4.9620,,4.8520,6.94e-06,29.06
18970,0,2.1292,2.8762,,1.3822,6.94e-06,27.77
18980,0,2.7155,2.3605,,3.0705,6.94e-06,26.66
18990,0,3.0068,3.1992,,2.8144,6.93e-06,25.63
19000,0,4.2273,5.6137,,2.8408,6.93e-06,25.01
19010,0,3.3108,2.0410,,4.5805,6.93e-06,24.21
19020,0,4.8555,5.7367,,3.9744,6.93e-06,23.46
19030,0,4.2224,5.7420,,2.7027,6.92e-06,22.68
19040,0,3.4766,3.2361,,3.7171,6.92e-06,21.98
19050,0,4.1053,5.1761,,3.0345,6.92e-06,21.27
19060,0,4.4975,7.0192,,1.9759,6.91e-06,20.65
19070,0,4.1203,4.6889,,3.5516,6.91e-06,20.18
19080,0,5.1898,4.7542,,5.6255,6.91e-06,19.58
19090,0,3.3814,2.2882,,4.4745,6.91e-06,19.12
19100,0,4.8290,5.8154,,3.8426,6.90e-06,18.68
19110,0,5.0252,4.8947,,5.1556,6.90e-06,18.31
19120,0,4.1449,4.2462,,4.0436,6.90e-06,17.96
19130,0,5.0466,6.6289,,3.4643,6.89e-06,17.59
19140,0,4.5898,4.6069,,4.5728,6.89e-06,17.26
19150,0,3.7268,5.1715,,2.2822,6.89e-06,16.92
19160,0,3.7775,4.3844,,3.1705,6.88e-06,16.61
19170,0,4.5447,4.7581,,4.3312,6.88e-06,16.27
19180,0,2.6446,3.2237,,2.0654,6.88e-06,15.95
19190,0,4.4356,4.1684,,4.7028,6.88e-06,15.58
19200,0,4.3390,4.8442,,3.8338,6.87e-06,15.23
19210,0,5.1846,6.1977,,4.1715,6.87e-06,14.91
19220,0,4.7706,5.4985,,4.0427,6.87e-06,14.62
19230,0,5.1749,6.8265,,3.5233,6.86e-06,14.34
19240,0,4.6219,6.4376,,2.8062,6.86e-06,13.97
19250,0,3.6689,5.4846,,1.8533,6.86e-06,13.63
19260,0,3.9084,5.4444,,2.3725,6.86e-06,13.35
19270,0,4.6931,4.1356,,5.2506,6.85e-06,13.09
19280,0,2.6081,3.4518,,1.7643,6.85e-06,12.92
19290,0,4.5371,6.2817,,2.7924,6.85e-06,12.75
19300,0,4.3431,5.5175,,3.1688,6.84e-06,12.53
19310,0,3.4057,4.8288,,1.9826,6.84e-06,12.35
19320,0,3.6070,3.5049,,3.7092,6.84e-06,12.15
19330,0,2.1409,3.0522,,1.2296,6.83e-06,11.92
19340,0,4.4053,4.8526,,3.9581,6.83e-06,11.71
19350,0,6.2175,5.8984,,6.5366,6.83e-06,11.50
19360,0,1.8641,2.5168,,1.2114,6.83e-06,11.32
19370,0,4.9277,6.2525,,3.6030,6.82e-06,11.14
19380,0,5.1557,5.5164,,4.7950,6.82e-06,10.97
19390,0,4.7674,5.8603,,3.6744,6.82e-06,10.81
19400,0,2.3363,3.0913,,1.5814,6.81e-06,10.66
19410,0,5.0028,6.0024,,4.0032,6.81e-06,10.52
19420,0,5.1663,5.4313,,4.9014,6.81e-06,10.40
19430,0,2.0887,2.5882,,1.5891,6.81e-06,10.27
19440,0,4.0930,4.5897,,3.5964,6.80e-06,10.16
19450,0,4.3722,5.4533,,3.2911,6.80e-06,10.04
19460,0,2.7812,2.2565,,3.3059,6.80e-06,9.93
19470,0,4.5750,6.4830,,2.6670,6.79e-06,9.81
19480,0,4.0663,4.8435,,3.2892,6.79e-06,9.71
19490,0,4.1600,3.3591,,4.9609,6.79e-06,9.59
19500,0,3.8255,5.4735,,2.1774,6.78e-06,9.49
19510,0,3.9928,5.5840,,2.4015,6.78e-06,9.39
19520,0,3.9576,5.0900,,2.8252,6.78e-06,9.29
19530,0,4.7413,7.2933,,2.1893,6.78e-06,9.19
19540,0,3.2523,4.2888,,2.2159,6.77e-06,9.09
19550,0,3.0479,3.0837,,3.0120,6.77e-06,9.00
19560,0,2.8271,2.5786,,3.0755,6.77e-06,8.91
19570,0,4.0889,5.2985,,2.8794,6.76e-06,8.82
19580,0,2.4234,3.0428,,1.8041,6.76e-06,8.73
19590,0,3.5126,4.2374,,2.7878,6.76e-06,8.64
19600,0,4.3435,5.4794,,3.2075,6.75e-06,8.55
19610,0,4.2686,4.2693,,4.2680,6.75e-06,8.47
19620,0,2.9581,2.4992,,3.4170,6.75e-06,8.39
19630,0,1.7901,2.5981,,0.9820,6.75e-06,8.31
19640,0,5.9526,6.3320,,5.5732,6.74e-06,8.23
19650,0,5.5498,6.4049,,4.6947,6.74e-06,8.15
19660,0,2.1706,2.4549,,1.8862,6.74e-06,8.08
19670,0,4.0539,3.8625,,4.2452,6.73e-06,8.01
19680,0,4.8533,3.5337,,6.1728,6.73e-06,7.94
19690,0,2.6099,2.1751,,3.0447,6.73e-06,7.87
19700,0,3.2471,3.4418,,3.0523,6.73e-06,7.80
19710,0,3.6991,3.9383,,3.4600,6.72e-06,7.74
19720,0,4.4936,4.5417,,4.4455,6.72e-06,7.67
19730,0,3.4013,2.7782,,4.0243,6.72e-06,7.61
19740,0,3.7869,3.7127,,3.8611,6.71e-06,7.54
19750,0,4.2882,4.9204,,3.6559,6.71e-06,7.48
19760,0,4.7711,5.7479,,3.7943,6.71e-06,7.42
19770,0,4.4392,5.6519,,3.2266,6.70e-06,7.36
19780,0,4.5906,6.8439,,2.3372,6.70e-06,7.29
19790,0,5.3999,5.2946,,5.5052,6.70e-06,7.24
19800,0,4.3064,4.5372,,4.0757,6.70e-06,7.18
19810,0,4.3553,6.6954,,2.0153,6.69e-06,7.12
19820,0,2.4291,2.3615,,2.4967,6.69e-06,7.07
19830,0,4.2439,5.2869,,3.2009,6.69e-06,7.01
19840,0,4.0884,4.7707,,3.4060,6.68e-06,6.96
19850,0,4.2345,4.9423,,3.5267,6.68e-06,6.90
19860,0,4.1718,3.3659,,4.9776,6.68e-06,6.85
19870,0,3.4953,3.6705,,3.3201,6.67e-06,6.80
19880,0,4.0306,4.3696,,3.6917,6.67e-06,6.75
19890,0,4.6640,4.1731,,5.1550,6.67e-06,6.70
19900,0,5.2546,5.7625,,4.7467,6.67e-06,6.65
19910,0,4.7103,4.6947,,4.7260,6.66e-06,6.60
19920,0,4.3306,5.6458,,3.0154,6.66e-06,6.55
19930,0,3.3341,4.1631,,2.5051,6.66e-06,6.51
19940,0,3.6090,4.5242,,2.6938,6.65e-06,6.46
19950,0,3.4884,4.9173,,2.0595,6.65e-06,6.42
19960,0,4.3099,6.4035,,2.2163,6.65e-06,6.37
19970,0,6.8544,9.1021,,4.6067,6.64e-06,6.33
19980,0,4.9643,4.8626,,5.0661,6.64e-06,6.28
19990,0,3.6498,5.1123,,2.1872,6.64e-06,6.24
20000,0,5.2787,6.5829,,3.9746,6.64e-06,6.20
20010,0,4.7568,4.4433,,5.0704,6.63e-06,6.16
20020,0,5.2396,7.8309,,2.6482,6.63e-06,6.12
20030,0,4.6790,4.5739,,4.7840,6.63e-06,6.07
20040,0,2.6956,3.2848,,2.1064,6.62e-06,6.04
20050,0,5.6499,6.3564,,4.9435,6.62e-06,6.00
20060,0,5.5901,6.7846,,4.3956,6.62e-06,5.96
20070,0,4.7999,5.8668,,3.7330,6.61e-06,5.92
20080,0,2.2189,2.9061,,1.5316,6.61e-06,5.88
20090,0,5.6155,4.5803,,6.6508,6.61e-06,5.85
20100,0,4.7994,6.5956,,3.0032,6.61e-06,5.81
20110,0,4.2986,6.5230,,2.0743,6.60e-06,5.77
20120,0,4.3104,5.5648,,3.0559,6.60e-06,5.74
20130,0,4.8867,4.8824,,4.8909,6.60e-06,5.71
20140,0,2.4737,2.5290,,2.4185,6.59e-06,5.67
20150,0,5.0540,6.6987,,3.4092,6.59e-06,5.64
20160,0,3.9632,3.9647,,3.9616,6.59e-06,5.60
20170,0,2.9891,3.6743,,2.3039,6.58e-06,5.57
20180,0,2.7159,2.8919,,2.5398,6.58e-06,5.54
20190,0,3.6911,4.4476,,2.9346,6.58e-06,5.50
20200,0,3.7607,5.5333,,1.9881,6.58e-06,5.47
20210,0,5.2433,5.5361,,4.9506,6.57e-06,5.44
20220,0,2.6213,4.0142,,1.2285,6.57e-06,5.41
20230,0,4.4448,4.6217,,4.2679,6.57e-06,5.38
20240,0,3.5826,3.6454,,3.5199,6.56e-06,5.35
20250,0,3.2296,4.2384,,2.2207,6.56e-06,5.32
20260,0,5.6911,7.5640,,3.8182,6.56e-06,5.28
20270,0,4.9914,7.2833,,2.6995,6.55e-06,5.25
20280,0,3.0065,2.8850,,3.1280,6.55e-06,5.22
20290,0,3.8744,4.9180,,2.8307,6.55e-06,5.20
20300,0,4.9080,6.6310,,3.1850,6.55e-06,5.17
20310,0,4.5199,5.9768,,3.0629,6.54e-06,5.14
20320,0,4.0714,4.1618,,3.9810,6.54e-06,5.11
20330,0,4.8440,4.0544,,5.6335,6.54e-06,5.08
20340,0,5.1070,6.2261,,3.9880,6.53e-06,5.05
20350,0,3.1797,3.7435,,2.6159,6.53e-06,5.02
20360,0,2.3250,3.1345,,1.5154,6.53e-06,4.99
20370,0,4.7535,5.1611,,4.3459,6.52e-06,4.96
20380,0,2.7402,3.0604,,2.4201,6.52e-06,4.93
20390,0,4.9742,6.4121,,3.5364,6.52e-06,4.90
20400,0,3.2563,3.2122,,3.3003,6.51e-06,4.86
20410,0,4.5534,4.9746,,4.1323,6.51e-06,4.83
20420,0,3.1613,2.5992,,3.7233,6.51e-06,4.80
20430,0,3.9836,4.4250,,3.5423,6.51e-06,4.78
20440,0,3.7542,4.5923,,2.9162,6.50e-06,4.75
20450,0,3.1431,3.3355,,2.9507,6.50e-06,4.73
20460,0,4.6595,7.0812,,2.2379,6.50e-06,4.71
20470,0,3.0124,3.8469,,2.1780,6.49e-06,4.68
20480,0,3.1229,3.6814,,2.5645,6.49e-06,4.66
20490,0,1.6200,1.9490,,1.2911,6.49e-06,4.63
20500,0,4.0906,4.2351,,3.9461,6.48e-06,4.61
20510,0,4.4626,4.1612,,4.7639,6.48e-06,4.59
20520,0,3.1067,2.9393,,3.2742,6.48e-06,4.57
20530,0,3.7837,3.0552,,4.5123,6.48e-06,4.55
20540,0,3.4628,3.9268,,2.9988,6.47e-06,4.53
20550,0,3.3265,3.4988,,3.1542,6.47e-06,4.51
20560,0,5.1737,7.2662,,3.0811,6.47e-06,4.49
20570,0,4.0425,4.2659,,3.8191,6.46e-06,4.47
20580,0,2.5831,2.7895,,2.3767,6.46e-06,4.45
20590,0,4.8647,6.2143,,3.5151,6.46e-06,4.43
20600,0,3.8630,3.8465,,3.8794,6.45e-06,4.41
20610,0,4.6532,5.2594,,4.0469,6.45e-06,4.39
20620,0,3.6393,4.6742,,2.6044,6.45e-06,4.37
20630,0,3.4667,2.9330,,4.0005,6.45e-06,4.34
20640,0,3.9038,4.2709,,3.5368,6.44e-06,4.32
20650,0,4.8548,4.6245,,5.0852,6.44e-06,4.31
20660,0,3.0456,3.1184,,2.9728,6.44e-06,4.29
20670,0,4.3119,4.1135,,4.5102,6.43e-06,4.27
20680,0,4.2996,6.4060,,2.1931,6.43e-06,4.26
20690,0,5.4886,5.0150,,5.9623,6.43e-06,4.25
20700,0,3.7825,3.4612,,4.1037,6.42e-06,4.23
20710,0,3.4853,2.8989,,4.0716,6.42e-07,730.31
20720,0,4.2349,5.6845,,2.7852,6.42e-07,301.98
20730,0,4.4506,4.1757,,4.7255,6.41e-07,189.63
20740,0,4.4581,5.3801,,3.5361,6.41e-07,135.99
20750,0,3.0062,3.2877,,2.7247,6.41e-07,107.31
20760,0,3.5452,4.4059,,2.6846,6.41e-07,87.79
20770,0,3.7501,3.8103,,3.6898,6.40e-07,74.15
20780,0,3.7550,3.8662,,3.6439,6.40e-07,64.35
20790,0,4.8206,7.2378,,2.4033,6.40e-07,56.02
20800,0,3.0754,3.5546,,2.5961,6.39e-07,50.75
20810,0,3.3546,4.5521,,2.1571,6.39e-07,47.41
20820,0,2.5069,3.0438,,1.9699,6.39e-07,43.83
20830,0,2.1646,1.9194,,2.4098,6.38e-07,40.29
20840,0,4.5199,6.4550,,2.5847,6.38e-07,37.24
20850,0,3.7534,2.5667,,4.9401,6.38e-07,34.69
20860,0,3.6434,3.7845,,3.5023,6.38e-07,32.39
20870,0,3.8179,5.5391,,2.0967,6.37e-07,30.25
20880,0,5.1820,6.4317,,3.9323,6.37e-07,28.41
20890,0,2.7088,2.7494,,2.6682,6.37e-07,26.88
20900,0,2.6105,3.6551,,1.5658,6.36e-07,25.43
20910,0,2.5968,3.1380,,2.0556,6.36e-07,24.18
20920,0,3.7582,3.2532,,4.2632,6.36e-07,23.01
20930,0,3.4451,3.1686,,3.7216,6.35e-07,22.01
20940,0,1.5959,1.9735,,1.2183,6.35e-07,21.06
20950,0,3.7803,4.8002,,2.7605,6.35e-07,20.27
20960,0,1.5278,2.1163,,0.9393,6.34e-07,19.57
20970,0,4.4551,5.5186,,3.3916,6.34e-07,18.97
20980,0,5.6447,5.6578,,5.6317,6.34e-07,18.44
20990,0,3.8291,4.3168,,3.3414,6.34e-07,17.93
21000,0,4.5881,5.3598,,3.8164,6.33e-07,17.42
21010,0,3.3704,3.0230,,3.7179,6.33e-07,16.84
21020,0,2.9715,3.5899,,2.3532,6.33e-07,16.29
21030,0,3.0741,3.8318,,2.3165,6.32e-07,15.78
21040,0,4.0640,5.8301,,2.2980,6.32e-07,15.30
21050,0,3.8864,5.4973,,2.2756,6.32e-07,14.83
21060,0,3.2620,3.3307,,3.1934,6.31e-07,14.40
21070,0,3.9396,5.0422,,2.8371,6.31e-07,14.01
21080,0,2.9920,2.9968,,2.9872,6.31e-07,13.63
21090,0,4.1170,3.0693,,5.1648,6.30e-07,13.27
21100,0,2.4498,3.3790,,1.5206,6.30e-07,12.93
21110,0,3.3120,2.3879,,4.2361,1.89e-04,683.26
21120,0,3.6565,3.4561,,3.8568,1.89e-04,352.94
21130,0,3.3725,4.2908,,2.4542,1.89e-04,242.80
21140,0,3.9991,4.1003,,3.8980,1.89e-04,173.75
21150,0,3.3449,3.1699,,3.5198,1.89e-04,132.01
21160,0,5.3558,4.9012,,5.8105,1.89e-04,106.13
21170,0,3.2432,3.6413,,2.8450,1.88e-04,88.75
21180,0,2.7191,3.0258,,2.4125,1.88e-04,75.73
21190,0,4.2055,5.0954,,3.3157,1.88e-04,66.04
21200,0,3.0619,2.3907,,3.7332,1.88e-04,59.14
21210,0,2.5918,3.0700,,2.1136,1.88e-04,950.60
21220,0,2.6848,3.7030,,1.6667,1.88e-04,430.40
21230,0,2.9339,3.7443,,2.1235,1.88e-04,275.11
21240,0,4.5359,4.6310,,4.4409,1.88e-04,203.75
21250,0,3.3689,4.9022,,1.8356,1.88e-04,156.46
21260,0,2.8621,2.3740,,3.3502,1.88e-04,126.66
21270,0,3.0730,3.3045,,2.8415,1.87e-04,106.27
21280,0,3.0222,3.9238,,2.1206,1.87e-04,92.41
21290,0,2.4835,3.7449,,1.2221,1.87e-04,81.86
21300,0,3.7566,4.0384,,3.4748,1.87e-04,73.49
21310,0,3.5106,2.0937,,4.9274,1.87e-04,66.78
21320,0,3.5840,5.3369,,1.8311,1.87e-04,61.34
21330,0,3.0162,3.8303,,2.2022,1.87e-04,56.28
21340,0,3.4342,4.7599,,2.1084,1.87e-04,51.97
21350,0,2.8949,3.9501,,1.8397,1.87e-04,48.26
21360,0,4.1333,4.8464,,3.4201,1.87e-04,45.17
21370,0,2.5032,3.0848,,1.9215,1.87e-04,42.98
21380,0,3.1518,2.9986,,3.3050,1.86e-04,40.99
21390,0,1.9121,2.4070,,1.4172,1.86e-04,38.89
21400,0,4.1110,3.9745,,4.2475,1.86e-04,36.94
21410,0,3.0647,3.1698,,2.9595,1.86e-04,35.55
21420,0,3.7603,4.5917,,2.9290,1.86e-04,34.01
21430,0,3.6102,4.9710,,2.2494,1.86e-04,32.50
21440,0,2.5687,3.4551,,1.6823,1.86e-04,31.22
21450,0,3.1727,3.8743,,2.4710,1.86e-04,30.24
21460,0,2.7207,3.7519,,1.6895,1.86e-04,29.30
21470,0,3.7258,5.9345,,1.5171,1.86e-04,28.24
21480,0,3.7458,4.6284,,2.8632,1.86e-04,27.25
21490,0,2.1916,2.7525,,1.6306,1.85e-04,26.56
21500,0,3.9762,4.1276,,3.8248,1.85e-04,25.88
21510,0,3.1612,3.7150,,2.6074,1.85e-04,25.14
21520,0,2.3164,2.1863,,2.4465,1.85e-04,24.46
21530,0,2.2599,3.1234,,1.3963,1.85e-04,23.67
21540,0,2.4307,3.3182,,1.5433,1.85e-04,23.06
21550,0,2.5698,3.1104,,2.0291,1.85e-04,22.59
21560,0,4.4310,5.3556,,3.5065,1.85e-04,22.11
21570,0,6.1349,4.1481,,8.1217,1.85e-04,21.66
21580,0,2.7167,3.8985,,1.5350,1.85e-04,21.21
21590,0,2.9262,3.3982,,2.4542,1.85e-04,20.68
21600,0,3.9841,4.7610,,3.2073,1.84e-04,20.21
21610,0,2.4410,2.4070,,2.4750,1.84e-04,19.65
21620,0,4.4535,4.0784,,4.8287,1.84e-04,19.16
21630,0,3.3586,3.4945,,3.2226,1.84e-04,18.75
21640,0,2.2973,3.2060,,1.3885,1.84e-04,18.26
21650,0,4.4707,3.9584,,4.9829,1.84e-04,17.78
21660,0,2.7511,3.6332,,1.8691,1.84e-04,17.32
21670,0,3.2784,2.7978,,3.7590,1.84e-04,16.88
21680,0,3.0043,3.9831,,2.0255,1.84e-04,16.47
21690,0,2.9645,3.7701,,2.1590,1.84e-04,16.09
21700,0,2.8315,3.4535,,2.2094,1.84e-04,15.78
21710,0,4.2059,5.1851,,3.2267,1.83e-04,15.47
21720,0,3.9277,2.8831,,4.9722,1.83e-04,15.21
21730,0,2.8852,3.4025,,2.3679,1.83e-04,14.96
21740,0,2.2778,3.0235,,1.5322,1.83e-04,14.74
21750,0,3.3184,3.0937,,3.5431,1.83e-04,14.49
21760,0,4.0647,5.0033,,3.1260,1.83e-04,14.24
21770,0,1.6513,1.7053,,1.5972,1.83e-04,14.01
21780,0,1.8169,1.9854,,1.6483,1.83e-04,13.80
21790,0,3.3110,3.8444,,2.7776,1.83e-04,13.58
21800,0,2.9743,2.0819,,3.8667,1.83e-04,13.38
21810,0,4.5795,7.0391,,2.1200,1.82e-04,13.18
21820,0,3.9822,4.2867,,3.6777,1.82e-04,12.98
21830,0,3.3321,4.1162,,2.5480,1.82e-04,12.80
21840,0,3.5580,4.2340,,2.8821,1.82e-04,12.62
21850,0,3.9758,2.8022,,5.1495,1.82e-04,12.44
21860,0,3.1281,4.5087,,1.7474,1.82e-04,12.28
21870,0,3.3772,3.4385,,3.3159,1.82e-04,12.11
21880,0,4.0136,4.8590,,3.1683,1.82e-04,11.95
21890,0,2.6486,3.4188,,1.8785,1.82e-04,11.79
21900,0,3.0373,3.6092,,2.4653,1.82e-04,11.64
21910,0,2.7887,3.2731,,2.3043,1.82e-04,11.49
21920,0,4.0025,4.1529,,3.8520,1.81e-04,11.35
21930,0,1.9640,2.3882,,1.5397,1.81e-04,11.21
21940,0,2.6103,3.1367,,2.0838,1.81e-04,11.08
21950,0,3.6077,2.9562,,4.2591,1.81e-04,10.94
21960,0,2.7865,3.6533,,1.9196,1.81e-04,10.81
21970,0,3.1942,3.0629,,3.3255,1.81e-04,10.69
21980,0,3.3711,5.0027,,1.7396,1.81e-04,10.57
21990,0,2.8289,2.5004,,3.1575,1.81e-04,10.45
22000,0,4.6672,4.9341,,4.4003,1.81e-04,10.33
22010,0,3.6575,3.1306,,4.1844,1.81e-04,10.21
22020,0,3.1891,3.2886,,3.0896,1.81e-04,10.11
22030,0,3.4157,4.3474,,2.4839,1.80e-04,10.00
22040,0,4.1721,5.2265,,3.1177,1.80e-04,9.89
22050,0,4.7452,3.6809,,5.8095,1.80e-04,9.79
22060,0,3.4524,3.3142,,3.5906,1.80e-04,9.69
22070,0,2.9299,1.5174,,4.3424,1.80e-04,9.59
22080,0,2.9092,3.5108,,2.3076,1.80e-04,9.49
22090,0,3.6430,4.6117,,2.6743,1.80e-04,9.39
22100,0,2.2391,2.7625,,1.7158,1.80e-04,9.29
22110,0,3.6687,4.4413,,2.8961,1.80e-04,9.20
22120,0,4.3996,4.7576,,4.0416,1.80e-04,9.11
22130,0,2.8449,3.6269,,2.0629,1.80e-04,9.02
22140,0,3.8593,3.2990,,4.4196,1.79e-04,8.94
22150,0,4.6518,4.4251,,4.8786,1.79e-04,8.85
22160,0,2.5360,2.0408,,3.0311,1.79e-04,8.77
22170,0,2.3211,2.4206,,2.2216,1.79e-04,8.68
22180,0,4.3235,5.4766,,3.1703,1.79e-04,8.61
22190,0,1.9989,2.6770,,1.3208,1.79e-04,8.53
22200,0,4.8635,3.4716,,6.2554,1.79e-04,8.45
22210,0,2.7916,3.5526,,2.0306,1.79e-04,8.37
22220,0,4.6910,3.9159,,5.4660,1.79e-04,8.30
22230,0,3.1871,3.0086,,3.3657,1.79e-04,8.22
22240,0,2.0307,2.5790,,1.4825,1.78e-04,8.15
22250,0,2.6892,2.8814,,2.4971,1.78e-04,8.08
22260,0,3.2395,4.0267,,2.4522,1.78e-04,8.02
22270,0,2.5510,3.0172,,2.0849,1.78e-04,7.95
22280,0,2.4900,3.5861,,1.3939,1.78e-04,7.89
22290,0,1.5938,2.0713,,1.1162,1.78e-04,7.82
22300,0,3.2378,2.6042,,3.8714,1.78e-04,7.76
22310,0,2.8845,4.0163,,1.7527,1.78e-04,7.70
22320,0,4.3967,4.5300,,4.2633,1.78e-04,7.63
22330,0,2.1863,3.2001,,1.1724,1.78e-04,7.57
22340,0,2.2324,2.8590,,1.6058,1.78e-04,7.51
22350,0,4.0848,4.3564,,3.8132,1.77e-04,7.46
22360,0,3.4555,4.9631,,1.9478,1.77e-04,7.40
22370,0,3.9999,4.3099,,3.6898,1.77e-04,7.34
22380,0,3.7296,3.1086,,4.3506,1.77e-04,7.28
22390,0,2.3450,2.7008,,1.9893,1.77e-04,7.23
22400,0,1.7083,1.9845,,1.4321,1.77e-04,7.18
22410,0,1.8088,2.1828,,1.4347,1.77e-04,7.12
22420,0,4.3816,3.5214,,5.2418,1.77e-04,7.07
22430,0,2.9034,3.6578,,2.1490,1.77e-04,7.02
22440,0,3.7835,3.8782,,3.6887,1.77e-04,6.97
22450,0,1.7614,2.4694,,1.0533,1.77e-04,6.92
22460,0,2.7225,3.4841,,1.9609,1.76e-04,6.87
22470,0,3.2361,3.7033,,2.7688,1.76e-04,6.82
22480,0,4.6695,5.6738,,3.6652,1.76e-04,6.77
22490,0,2.6749,3.8099,,1.5398,1.76e-04,6.73
22500,0,3.8650,5.4641,,2.2658,1.76e-04,6.68
22510,0,3.7314,4.6144,,2.8484,1.76e-04,6.63
22520,0,4.2638,3.4617,,5.0660,1.76e-04,6.59
22530,0,3.4272,3.0164,,3.8379,1.76e-04,6.55
22540,0,1.9743,2.9452,,1.0035,1.76e-04,6.51
22550,0,3.1362,2.8942,,3.3782,1.76e-04,6.46
22560,0,4.2947,3.3514,,5.2379,1.75e-04,6.42
22570,0,2.6347,2.2518,,3.0175,1.75e-04,6.38
22580,0,2.0264,2.7753,,1.2775,1.75e-04,6.34
22590,0,4.5487,4.6590,,4.4385,1.75e-04,6.30
22600,0,3.5387,5.3853,,1.6922,1.75e-04,6.25
22610,0,1.7807,2.3506,,1.2107,1.75e-04,6.21
22620,0,2.8960,2.8587,,2.9333,1.75e-04,6.17
22630,0,1.7509,2.1643,,1.3375,1.75e-04,6.13
22640,0,2.4239,2.5508,,2.2970,1.75e-04,6.09
22650,0,2.9349,2.5217,,3.3482,1.75e-04,6.06
22660,0,3.9751,4.8939,,3.0562,1.75e-04,6.02
22670,0,2.3910,2.9904,,1.7915,1.74e-04,5.98
22680,0,2.1536,2.3211,,1.9861,1.74e-04,5.95
22690,0,4.3518,5.2624,,3.4411,1.74e-04,5.91
22700,0,2.6542,3.6256,,1.6827,1.74e-04,5.88
22710,0,2.6149,3.4465,,1.7832,1.74e-04,5.84
22720,0,3.7157,5.2045,,2.2268,1.74e-04,5.81
22730,0,2.6612,3.1350,,2.1874,1.74e-04,5.77
22740,0,3.1936,2.8805,,3.5066,1.74e-04,5.74
22750,0,2.4417,2.7806,,2.1029,1.74e-04,5.71
22760,0,2.6639,3.6258,,1.7020,1.74e-04,5.67
22770,0,2.8711,3.4806,,2.2615,1.74e-04,5.64
22780,0,3.8167,5.6914,,1.9420,1.73e-04,5.61
22790,0,2.1688,2.6219,,1.7157,1.73e-04,5.57
22800,0,3.4604,3.9499,,2.9710,1.73e-04,5.54
22810,0,4.1344,3.8740,,4.3948,1.73e-04,5.51
22820,0,3.5600,2.8329,,4.2870,1.73e-04,5.48
22830,0,3.3567,3.3994,,3.3140,1.73e-04,5.45
22840,0,2.3262,2.0812,,2.5711,1.73e-04,5.42
22850,0,5.0880,5.1281,,5.0479,1.73e-04,5.39
22860,0,4.9338,5.1974,,4.6702,1.73e-04,5.36
22870,0,3.3495,3.3111,,3.3880,1.73e-04,5.34
22880,0,3.1198,4.3848,,1.8547,1.72e-04,5.31
22890,0,1.7490,2.1514,,1.3466,1.72e-04,5.28
22900,0,4.3336,5.2757,,3.3915,1.72e-04,5.25
22910,0,4.4058,5.0770,,3.7346,1.72e-04,5.22
22920,0,2.9278,2.6485,,3.2072,1.72e-04,5.19
22930,0,4.4326,4.1410,,4.7242,1.72e-04,5.17
22940,0,3.3496,2.3863,,4.3129,1.72e-04,5.14
22950,0,2.0385,2.6221,,1.4550,1.72e-04,5.12
22960,0,2.7772,3.2076,,2.3469,1.72e-04,5.09
22970,0,4.3777,4.8158,,3.9395,1.72e-04,5.07
22980,0,3.6812,5.0527,,2.3097,1.72e-04,5.04
22990,0,4.5358,5.3571,,3.7144,1.71e-04,5.02
23000,0,2.6336,2.9788,,2.2883,1.71e-04,4.99
23010,0,1.5969,2.3085,,0.8852,1.71e-04,4.96
23020,0,2.7996,3.5765,,2.0228,1.71e-04,4.94
23030,0,3.5116,4.5355,,2.4878,1.71e-04,4.92
23040,0,2.4900,3.5061,,1.4740,1.71e-04,4.89
23050,0,2.9399,1.4378,,4.4419,1.71e-04,4.87
23060,0,2.6093,2.5826,,2.6359,1.71e-04,4.84
23070,0,3.4108,3.2345,,3.5870,1.71e-04,4.82
23080,0,3.9015,4.7589,,3.0442,1.71e-04,4.79
23090,0,4.3725,5.6213,,3.1236,1.70e-04,4.76
23100,0,3.2717,4.2299,,2.3135,1.70e-04,4.73
23110,0,3.7086,3.0795,,4.3378,1.70e-04,4.70
23120,0,3.9291,4.1587,,3.6994,1.70e-04,4.67
23130,0,3.6380,3.1776,,4.0985,1.70e-04,4.65
23140,0,3.1962,4.0659,,2.3266,1.70e-04,4.62
23150,0,3.7407,3.5755,,3.9059,1.70e-04,4.59
23160,0,1.8354,2.6089,,1.0619,1.70e-04,4.57
23170,0,4.4526,5.3190,,3.5862,1.70e-04,4.54
23180,0,2.1545,2.8038,,1.5052,1.70e-04,4.50
23190,0,3.0645,4.3569,,1.7722,1.70e-04,4.48
23200,0,3.5423,4.1756,,2.9090,1.69e-04,4.45
23210,0,3.2397,4.4097,,2.0697,1.69e-04,4.43
23220,0,2.9765,3.7538,,2.1992,1.69e-04,4.40
23230,0,4.3289,4.3631,,4.2948,1.69e-04,4.38
23240,0,2.2914,2.9574,,1.6254,1.69e-04,4.36
23250,0,3.3778,3.9770,,2.7786,1.69e-04,4.34
23260,0,2.7807,3.4379,,2.1235,1.69e-04,4.33
23270,0,3.5294,4.0602,,2.9986,1.69e-04,4.31
23280,0,3.5210,2.9348,,4.1072,1.69e-04,4.19
23290,0,3.5019,4.3414,,2.6624,1.69e-04,4.17
23300,0,4.7308,5.6731,,3.7885,1.69e-04,3.99
